company,companyLabel,countryLabel,foundingYearShort,revenue,revenueYear,revenueCurrencyLabel,employees,employeesYear,equity,equityYear,equityCurrencyLabel
http://www.wikidata.org/entity/Q37158,Starbucks,США,1971,37184400000,2025,US dollar,191000,2014,-5321200000,2021,US dollar
http://www.wikidata.org/entity/Q37158,Starbucks,США,1971,37184400000,2025,US dollar,383000,2021,-5321200000,2021,US dollar
http://www.wikidata.org/entity/Q37158,Starbucks,США,1971,37184400000,2025,US dollar,245000,2016,-5321200000,2021,US dollar
http://www.wikidata.org/entity/Q37158,Starbucks,США,1971,36176200000,2024,US dollar,191000,2014,-5321200000,2021,US dollar
http://www.wikidata.org/entity/Q37158,Starbucks,США,1971,36176200000,2024,US dollar,383000,2021,-5321200000,2021,US dollar
http://www.wikidata.org/entity/Q37158,Starbucks,США,1971,36176200000,2024,US dollar,245000,2016,-5321200000,2021,US dollar
http://www.wikidata.org/entity/Q37158,Starbucks,США,1971,35975600000,2023,US dollar,191000,2014,-5321200000,2021,US dollar
http://www.wikidata.org/entity/Q37158,Starbucks,США,1971,35975600000,2023,US dollar,383000,2021,-5321200000,2021,US dollar
http://www.wikidata.org/entity/Q37158,Starbucks,США,1971,35975600000,2023,US dollar,245000,2016,-5321200000,2021,US dollar
http://www.wikidata.org/entity/Q37158,Starbucks,США,1971,32250300000,2022,US dollar,191000,2014,-5321200000,2021,US dollar
http://www.wikidata.org/entity/Q37158,Starbucks,США,1971,32250300000,2022,US dollar,383000,2021,-5321200000,2021,US dollar
http://www.wikidata.org/entity/Q37158,Starbucks,США,1971,32250300000,2022,US dollar,245000,2016,-5321200000,2021,US dollar
http://www.wikidata.org/entity/Q37158,Starbucks,США,1971,29060600000,2021,US dollar,191000,2014,-5321200000,2021,US dollar
http://www.wikidata.org/entity/Q37158,Starbucks,США,1971,29060600000,2021,US dollar,383000,2021,-5321200000,2021,US dollar
http://www.wikidata.org/entity/Q37158,Starbucks,США,1971,29060600000,2021,US dollar,245000,2016,-5321200000,2021,US dollar
http://www.wikidata.org/entity/Q329426,Danone,Испания,1919,27661000000,2022,euro,101911,2020,,,
http://www.wikidata.org/entity/Q329426,Danone,Испания,1919,27661000000,2022,euro,100000,2023,,,
http://www.wikidata.org/entity/Q329426,Danone,Испания,1919,27661000000,2022,euro,98105,2021,,,
http://www.wikidata.org/entity/Q329426,Danone,Испания,1919,27661000000,2022,euro,101911,2020,,,
http://www.wikidata.org/entity/Q329426,Danone,Испания,1919,27661000000,2022,euro,100000,2023,,,
http://www.wikidata.org/entity/Q329426,Danone,Испания,1919,27661000000,2022,euro,98105,2021,,,
http://www.wikidata.org/entity/Q329426,Danone,Испания,1919,27661000000,2022,euro,101911,2020,,,
http://www.wikidata.org/entity/Q329426,Danone,Испания,1919,27661000000,2022,euro,100000,2023,,,
http://www.wikidata.org/entity/Q329426,Danone,Испания,1919,27661000000,2022,euro,98105,2021,,,
http://www.wikidata.org/entity/Q329426,Danone,Испания,1919,27661000000,2022,euro,101911,2020,,,
http://www.wikidata.org/entity/Q329426,Danone,Испания,1919,27661000000,2022,euro,100000,2023,,,
http://www.wikidata.org/entity/Q329426,Danone,Испания,1919,27661000000,2022,euro,98105,2021,,,
http://www.wikidata.org/entity/Q329426,Danone,Испания,1919,27661000000,2022,Euro,101911,2020,,,
http://www.wikidata.org/entity/Q329426,Danone,Испания,1919,27661000000,2022,Euro,100000,2023,,,
http://www.wikidata.org/entity/Q329426,Danone,Испания,1919,27661000000,2022,Euro,98105,2021,,,
http://www.wikidata.org/entity/Q329426,Danone,Испания,1919,27661000000,2022,euro,101911,2020,,,
http://www.wikidata.org/entity/Q329426,Danone,Испания,1919,27661000000,2022,euro,100000,2023,,,
http://www.wikidata.org/entity/Q329426,Danone,Испания,1919,27661000000,2022,euro,98105,2021,,,
http://www.wikidata.org/entity/Q329426,Danone,Испания,1919,27661000000,2022,euro,101911,2020,,,
http://www.wikidata.org/entity/Q329426,Danone,Испания,1919,27661000000,2022,euro,100000,2023,,,
http://www.wikidata.org/entity/Q329426,Danone,Испания,1919,27661000000,2022,euro,98105,2021,,,
http://www.wikidata.org/entity/Q329426,Danone,Испания,1919,27661000000,2022,euro,101911,2020,,,
http://www.wikidata.org/entity/Q329426,Danone,Испания,1919,27661000000,2022,euro,100000,2023,,,
http://www.wikidata.org/entity/Q329426,Danone,Испания,1919,27661000000,2022,euro,98105,2021,,,
http://www.wikidata.org/entity/Q329426,Danone,Испания,1919,27661000000,2022,евро,101911,2020,,,
http://www.wikidata.org/entity/Q329426,Danone,Испания,1919,27661000000,2022,евро,100000,2023,,,
http://www.wikidata.org/entity/Q329426,Danone,Испания,1919,27661000000,2022,евро,98105,2021,,,
http://www.wikidata.org/entity/Q329426,Danone,Испания,1919,27661000000,2022,ευρώ,101911,2020,,,
http://www.wikidata.org/entity/Q329426,Danone,Испания,1919,27661000000,2022,ευρώ,100000,2023,,,
http://www.wikidata.org/entity/Q329426,Danone,Испания,1919,27661000000,2022,ευρώ,98105,2021,,,
http://www.wikidata.org/entity/Q329426,Danone,Испания,1919,27661000000,2022,euro,101911,2020,,,
http://www.wikidata.org/entity/Q329426,Danone,Испания,1919,27661000000,2022,euro,100000,2023,,,
http://www.wikidata.org/entity/Q329426,Danone,Испания,1919,27661000000,2022,euro,98105,2021,,,
http://www.wikidata.org/entity/Q329426,Danone,Испания,1919,27661000000,2022,euro,101911,2020,,,
http://www.wikidata.org/entity/Q329426,Danone,Испания,1919,27661000000,2022,euro,100000,2023,,,
http://www.wikidata.org/entity/Q329426,Danone,Испания,1919,27661000000,2022,euro,98105,2021,,,
http://www.wikidata.org/entity/Q329426,Danone,Испания,1919,27661000000,2022,euró,101911,2020,,,
http://www.wikidata.org/entity/Q329426,Danone,Испания,1919,27661000000,2022,euró,100000,2023,,,
http://www.wikidata.org/entity/Q329426,Danone,Испания,1919,27661000000,2022,euró,98105,2021,,,
http://www.wikidata.org/entity/Q329426,Danone,Испания,1919,27661000000,2022,euras,101911,2020,,,
http://www.wikidata.org/entity/Q329426,Danone,Испания,1919,27661000000,2022,euras,100000,2023,,,
http://www.wikidata.org/entity/Q329426,Danone,Испания,1919,27661000000,2022,euras,98105,2021,,,
http://www.wikidata.org/entity/Q329426,Danone,Испания,1919,27661000000,2022,eiro,101911,2020,,,
http://www.wikidata.org/entity/Q329426,Danone,Испания,1919,27661000000,2022,eiro,100000,2023,,,
http://www.wikidata.org/entity/Q329426,Danone,Испания,1919,27661000000,2022,eiro,98105,2021,,,
http://www.wikidata.org/entity/Q329426,Danone,Испания,1919,27661000000,2022,ewro,101911,2020,,,
http://www.wikidata.org/entity/Q329426,Danone,Испания,1919,27661000000,2022,ewro,100000,2023,,,
http://www.wikidata.org/entity/Q329426,Danone,Испания,1919,27661000000,2022,ewro,98105,2021,,,
http://www.wikidata.org/entity/Q329426,Danone,Испания,1919,27661000000,2022,euro,101911,2020,,,
http://www.wikidata.org/entity/Q329426,Danone,Испания,1919,27661000000,2022,euro,100000,2023,,,
http://www.wikidata.org/entity/Q329426,Danone,Испания,1919,27661000000,2022,euro,98105,2021,,,
http://www.wikidata.org/entity/Q329426,Danone,Испания,1919,27661000000,2022,euro,101911,2020,,,
http://www.wikidata.org/entity/Q329426,Danone,Испания,1919,27661000000,2022,euro,100000,2023,,,
http://www.wikidata.org/entity/Q329426,Danone,Испания,1919,27661000000,2022,euro,98105,2021,,,
http://www.wikidata.org/entity/Q329426,Danone,Испания,1919,27661000000,2022,euro,101911,2020,,,
http://www.wikidata.org/entity/Q329426,Danone,Испания,1919,27661000000,2022,euro,100000,2023,,,
http://www.wikidata.org/entity/Q329426,Danone,Испания,1919,27661000000,2022,euro,98105,2021,,,
http://www.wikidata.org/entity/Q329426,Danone,Испания,1919,27619000000,2023,euro,101911,2020,,,
http://www.wikidata.org/entity/Q329426,Danone,Испания,1919,27619000000,2023,euro,100000,2023,,,
http://www.wikidata.org/entity/Q329426,Danone,Испания,1919,27619000000,2023,euro,98105,2021,,,
http://www.wikidata.org/entity/Q329426,Danone,Испания,1919,27619000000,2023,euro,101911,2020,,,
http://www.wikidata.org/entity/Q329426,Danone,Испания,1919,27619000000,2023,euro,100000,2023,,,
http://www.wikidata.org/entity/Q329426,Danone,Испания,1919,27619000000,2023,euro,98105,2021,,,
http://www.wikidata.org/entity/Q329426,Danone,Испания,1919,27619000000,2023,euro,101911,2020,,,
http://www.wikidata.org/entity/Q329426,Danone,Испания,1919,27619000000,2023,euro,100000,2023,,,
http://www.wikidata.org/entity/Q329426,Danone,Испания,1919,27619000000,2023,euro,98105,2021,,,
http://www.wikidata.org/entity/Q329426,Danone,Испания,1919,27619000000,2023,euro,101911,2020,,,
http://www.wikidata.org/entity/Q329426,Danone,Испания,1919,27619000000,2023,euro,100000,2023,,,
http://www.wikidata.org/entity/Q329426,Danone,Испания,1919,27619000000,2023,euro,98105,2021,,,
http://www.wikidata.org/entity/Q329426,Danone,Испания,1919,27619000000,2023,Euro,101911,2020,,,
http://www.wikidata.org/entity/Q329426,Danone,Испания,1919,27619000000,2023,Euro,100000,2023,,,
http://www.wikidata.org/entity/Q329426,Danone,Испания,1919,27619000000,2023,Euro,98105,2021,,,
http://www.wikidata.org/entity/Q329426,Danone,Испания,1919,27619000000,2023,euro,101911,2020,,,
http://www.wikidata.org/entity/Q329426,Danone,Испания,1919,27619000000,2023,euro,100000,2023,,,
http://www.wikidata.org/entity/Q329426,Danone,Испания,1919,27619000000,2023,euro,98105,2021,,,
http://www.wikidata.org/entity/Q329426,Danone,Испания,1919,27619000000,2023,euro,101911,2020,,,
http://www.wikidata.org/entity/Q329426,Danone,Испания,1919,27619000000,2023,euro,100000,2023,,,
http://www.wikidata.org/entity/Q329426,Danone,Испания,1919,27619000000,2023,euro,98105,2021,,,
http://www.wikidata.org/entity/Q329426,Danone,Испания,1919,27619000000,2023,euro,101911,2020,,,
http://www.wikidata.org/entity/Q329426,Danone,Испания,1919,27619000000,2023,euro,100000,2023,,,
http://www.wikidata.org/entity/Q329426,Danone,Испания,1919,27619000000,2023,euro,98105,2021,,,
http://www.wikidata.org/entity/Q329426,Danone,Испания,1919,27619000000,2023,евро,101911,2020,,,
http://www.wikidata.org/entity/Q329426,Danone,Испания,1919,27619000000,2023,евро,100000,2023,,,
http://www.wikidata.org/entity/Q329426,Danone,Испания,1919,27619000000,2023,евро,98105,2021,,,
http://www.wikidata.org/entity/Q329426,Danone,Испания,1919,27619000000,2023,ευρώ,101911,2020,,,
http://www.wikidata.org/entity/Q329426,Danone,Испания,1919,27619000000,2023,ευρώ,100000,2023,,,
http://www.wikidata.org/entity/Q329426,Danone,Испания,1919,27619000000,2023,ευρώ,98105,2021,,,
http://www.wikidata.org/entity/Q329426,Danone,Испания,1919,27619000000,2023,euro,101911,2020,,,
http://www.wikidata.org/entity/Q329426,Danone,Испания,1919,27619000000,2023,euro,100000,2023,,,
http://www.wikidata.org/entity/Q329426,Danone,Испания,1919,27619000000,2023,euro,98105,2021,,,
http://www.wikidata.org/entity/Q329426,Danone,Испания,1919,27619000000,2023,euro,101911,2020,,,
http://www.wikidata.org/entity/Q329426,Danone,Испания,1919,27619000000,2023,euro,100000,2023,,,
http://www.wikidata.org/entity/Q329426,Danone,Испания,1919,27619000000,2023,euro,98105,2021,,,
http://www.wikidata.org/entity/Q329426,Danone,Испания,1919,27619000000,2023,euró,101911,2020,,,
http://www.wikidata.org/entity/Q329426,Danone,Испания,1919,27619000000,2023,euró,100000,2023,,,
http://www.wikidata.org/entity/Q329426,Danone,Испания,1919,27619000000,2023,euró,98105,2021,,,
http://www.wikidata.org/entity/Q329426,Danone,Испания,1919,27619000000,2023,euras,101911,2020,,,
http://www.wikidata.org/entity/Q329426,Danone,Испания,1919,27619000000,2023,euras,100000,2023,,,
http://www.wikidata.org/entity/Q329426,Danone,Испания,1919,27619000000,2023,euras,98105,2021,,,
http://www.wikidata.org/entity/Q329426,Danone,Испания,1919,27619000000,2023,eiro,101911,2020,,,
http://www.wikidata.org/entity/Q329426,Danone,Испания,1919,27619000000,2023,eiro,100000,2023,,,
http://www.wikidata.org/entity/Q329426,Danone,Испания,1919,27619000000,2023,eiro,98105,2021,,,
http://www.wikidata.org/entity/Q329426,Danone,Испания,1919,27619000000,2023,ewro,101911,2020,,,
http://www.wikidata.org/entity/Q329426,Danone,Испания,1919,27619000000,2023,ewro,100000,2023,,,
http://www.wikidata.org/entity/Q329426,Danone,Испания,1919,27619000000,2023,ewro,98105,2021,,,
http://www.wikidata.org/entity/Q329426,Danone,Испания,1919,27619000000,2023,euro,101911,2020,,,
http://www.wikidata.org/entity/Q329426,Danone,Испания,1919,27619000000,2023,euro,100000,2023,,,
http://www.wikidata.org/entity/Q329426,Danone,Испания,1919,27619000000,2023,euro,98105,2021,,,
http://www.wikidata.org/entity/Q329426,Danone,Испания,1919,27619000000,2023,euro,101911,2020,,,
http://www.wikidata.org/entity/Q329426,Danone,Испания,1919,27619000000,2023,euro,100000,2023,,,
http://www.wikidata.org/entity/Q329426,Danone,Испания,1919,27619000000,2023,euro,98105,2021,,,
http://www.wikidata.org/entity/Q329426,Danone,Испания,1919,27619000000,2023,euro,101911,2020,,,
http://www.wikidata.org/entity/Q329426,Danone,Испания,1919,27619000000,2023,euro,100000,2023,,,
http://www.wikidata.org/entity/Q329426,Danone,Испания,1919,27619000000,2023,euro,98105,2021,,,
http://www.wikidata.org/entity/Q37158,Starbucks,США,1971,26508600000,2019,US dollar,191000,2014,-5321200000,2021,US dollar
http://www.wikidata.org/entity/Q37158,Starbucks,США,1971,26508600000,2019,US dollar,383000,2021,-5321200000,2021,US dollar
http://www.wikidata.org/entity/Q37158,Starbucks,США,1971,26508600000,2019,US dollar,245000,2016,-5321200000,2021,US dollar
http://www.wikidata.org/entity/Q37158,Starbucks,США,1971,24719500000,2018,US dollar,191000,2014,-5321200000,2021,US dollar
http://www.wikidata.org/entity/Q37158,Starbucks,США,1971,24719500000,2018,US dollar,383000,2021,-5321200000,2021,US dollar
http://www.wikidata.org/entity/Q37158,Starbucks,США,1971,24719500000,2018,US dollar,245000,2016,-5321200000,2021,US dollar
http://www.wikidata.org/entity/Q329426,Danone,Испания,1919,24281000000,2021,euro,101911,2020,,,
http://www.wikidata.org/entity/Q329426,Danone,Испания,1919,24281000000,2021,euro,100000,2023,,,
http://www.wikidata.org/entity/Q329426,Danone,Испания,1919,24281000000,2021,euro,98105,2021,,,
http://www.wikidata.org/entity/Q329426,Danone,Испания,1919,24281000000,2021,euro,101911,2020,,,
http://www.wikidata.org/entity/Q329426,Danone,Испания,1919,24281000000,2021,euro,100000,2023,,,
http://www.wikidata.org/entity/Q329426,Danone,Испания,1919,24281000000,2021,euro,98105,2021,,,
http://www.wikidata.org/entity/Q329426,Danone,Испания,1919,24281000000,2021,euro,101911,2020,,,
http://www.wikidata.org/entity/Q329426,Danone,Испания,1919,24281000000,2021,euro,100000,2023,,,
http://www.wikidata.org/entity/Q329426,Danone,Испания,1919,24281000000,2021,euro,98105,2021,,,
http://www.wikidata.org/entity/Q329426,Danone,Испания,1919,24281000000,2021,euro,101911,2020,,,
http://www.wikidata.org/entity/Q329426,Danone,Испания,1919,24281000000,2021,euro,100000,2023,,,
http://www.wikidata.org/entity/Q329426,Danone,Испания,1919,24281000000,2021,euro,98105,2021,,,
http://www.wikidata.org/entity/Q329426,Danone,Испания,1919,24281000000,2021,Euro,101911,2020,,,
http://www.wikidata.org/entity/Q329426,Danone,Испания,1919,24281000000,2021,Euro,100000,2023,,,
http://www.wikidata.org/entity/Q329426,Danone,Испания,1919,24281000000,2021,Euro,98105,2021,,,
http://www.wikidata.org/entity/Q329426,Danone,Испания,1919,24281000000,2021,euro,101911,2020,,,
http://www.wikidata.org/entity/Q329426,Danone,Испания,1919,24281000000,2021,euro,100000,2023,,,
http://www.wikidata.org/entity/Q329426,Danone,Испания,1919,24281000000,2021,euro,98105,2021,,,
http://www.wikidata.org/entity/Q329426,Danone,Испания,1919,24281000000,2021,euro,101911,2020,,,
http://www.wikidata.org/entity/Q329426,Danone,Испания,1919,24281000000,2021,euro,100000,2023,,,
http://www.wikidata.org/entity/Q329426,Danone,Испания,1919,24281000000,2021,euro,98105,2021,,,
http://www.wikidata.org/entity/Q329426,Danone,Испания,1919,24281000000,2021,euro,101911,2020,,,
http://www.wikidata.org/entity/Q329426,Danone,Испания,1919,24281000000,2021,euro,100000,2023,,,
http://www.wikidata.org/entity/Q329426,Danone,Испания,1919,24281000000,2021,euro,98105,2021,,,
http://www.wikidata.org/entity/Q329426,Danone,Испания,1919,24281000000,2021,евро,101911,2020,,,
http://www.wikidata.org/entity/Q329426,Danone,Испания,1919,24281000000,2021,евро,100000,2023,,,
http://www.wikidata.org/entity/Q329426,Danone,Испания,1919,24281000000,2021,евро,98105,2021,,,
http://www.wikidata.org/entity/Q329426,Danone,Испания,1919,24281000000,2021,ευρώ,101911,2020,,,
http://www.wikidata.org/entity/Q329426,Danone,Испания,1919,24281000000,2021,ευρώ,100000,2023,,,
http://www.wikidata.org/entity/Q329426,Danone,Испания,1919,24281000000,2021,ευρώ,98105,2021,,,
http://www.wikidata.org/entity/Q329426,Danone,Испания,1919,24281000000,2021,euro,101911,2020,,,
http://www.wikidata.org/entity/Q329426,Danone,Испания,1919,24281000000,2021,euro,100000,2023,,,
http://www.wikidata.org/entity/Q329426,Danone,Испания,1919,24281000000,2021,euro,98105,2021,,,
http://www.wikidata.org/entity/Q329426,Danone,Испания,1919,24281000000,2021,euro,101911,2020,,,
http://www.wikidata.org/entity/Q329426,Danone,Испания,1919,24281000000,2021,euro,100000,2023,,,
http://www.wikidata.org/entity/Q329426,Danone,Испания,1919,24281000000,2021,euro,98105,2021,,,
http://www.wikidata.org/entity/Q329426,Danone,Испания,1919,24281000000,2021,euró,101911,2020,,,
http://www.wikidata.org/entity/Q329426,Danone,Испания,1919,24281000000,2021,euró,100000,2023,,,
http://www.wikidata.org/entity/Q329426,Danone,Испания,1919,24281000000,2021,euró,98105,2021,,,
http://www.wikidata.org/entity/Q329426,Danone,Испания,1919,24281000000,2021,euras,101911,2020,,,
http://www.wikidata.org/entity/Q329426,Danone,Испания,1919,24281000000,2021,euras,100000,2023,,,
http://www.wikidata.org/entity/Q329426,Danone,Испания,1919,24281000000,2021,euras,98105,2021,,,
http://www.wikidata.org/entity/Q329426,Danone,Испания,1919,24281000000,2021,eiro,101911,2020,,,
http://www.wikidata.org/entity/Q329426,Danone,Испания,1919,24281000000,2021,eiro,100000,2023,,,
http://www.wikidata.org/entity/Q329426,Danone,Испания,1919,24281000000,2021,eiro,98105,2021,,,
http://www.wikidata.org/entity/Q329426,Danone,Испания,1919,24281000000,2021,ewro,101911,2020,,,
http://www.wikidata.org/entity/Q329426,Danone,Испания,1919,24281000000,2021,ewro,100000,2023,,,
http://www.wikidata.org/entity/Q329426,Danone,Испания,1919,24281000000,2021,ewro,98105,2021,,,
http://www.wikidata.org/entity/Q329426,Danone,Испания,1919,24281000000,2021,euro,101911,2020,,,
http://www.wikidata.org/entity/Q329426,Danone,Испания,1919,24281000000,2021,euro,100000,2023,,,
http://www.wikidata.org/entity/Q329426,Danone,Испания,1919,24281000000,2021,euro,98105,2021,,,
http://www.wikidata.org/entity/Q329426,Danone,Испания,1919,24281000000,2021,euro,101911,2020,,,
http://www.wikidata.org/entity/Q329426,Danone,Испания,1919,24281000000,2021,euro,100000,2023,,,
http://www.wikidata.org/entity/Q329426,Danone,Испания,1919,24281000000,2021,euro,98105,2021,,,
http://www.wikidata.org/entity/Q329426,Danone,Испания,1919,24281000000,2021,euro,101911,2020,,,
http://www.wikidata.org/entity/Q329426,Danone,Испания,1919,24281000000,2021,euro,100000,2023,,,
http://www.wikidata.org/entity/Q329426,Danone,Испания,1919,24281000000,2021,euro,98105,2021,,,
http://www.wikidata.org/entity/Q37158,Starbucks,США,1971,23518000000,2020,US dollar,191000,2014,-5321200000,2021,US dollar
http://www.wikidata.org/entity/Q37158,Starbucks,США,1971,23518000000,2020,US dollar,383000,2021,-5321200000,2021,US dollar
http://www.wikidata.org/entity/Q37158,Starbucks,США,1971,23518000000,2020,US dollar,245000,2016,-5321200000,2021,US dollar
http://www.wikidata.org/entity/Q37158,Starbucks,США,1971,22386800000,2017,US dollar,191000,2014,-5321200000,2021,US dollar
http://www.wikidata.org/entity/Q37158,Starbucks,США,1971,22386800000,2017,US dollar,383000,2021,-5321200000,2021,US dollar
http://www.wikidata.org/entity/Q37158,Starbucks,США,1971,22386800000,2017,US dollar,245000,2016,-5321200000,2021,US dollar
http://www.wikidata.org/entity/Q37158,Starbucks,США,1971,19162700000,2015,US dollar,191000,2014,-5321200000,2021,US dollar
http://www.wikidata.org/entity/Q37158,Starbucks,США,1971,19162700000,2015,US dollar,383000,2021,-5321200000,2021,US dollar
http://www.wikidata.org/entity/Q37158,Starbucks,США,1971,19162700000,2015,US dollar,245000,2016,-5321200000,2021,US dollar
http://www.wikidata.org/entity/Q37158,Starbucks,США,1971,16447800000,2014,US dollar,191000,2014,-5321200000,2021,US dollar
http://www.wikidata.org/entity/Q37158,Starbucks,США,1971,16447800000,2014,US dollar,383000,2021,-5321200000,2021,US dollar
http://www.wikidata.org/entity/Q37158,Starbucks,США,1971,16447800000,2014,US dollar,245000,2016,-5321200000,2021,US dollar
http://www.wikidata.org/entity/Q37158,Starbucks,США,1971,14892200000,2013,US dollar,191000,2014,-5321200000,2021,US dollar
http://www.wikidata.org/entity/Q37158,Starbucks,США,1971,14892200000,2013,US dollar,383000,2021,-5321200000,2021,US dollar
http://www.wikidata.org/entity/Q37158,Starbucks,США,1971,14892200000,2013,US dollar,245000,2016,-5321200000,2021,US dollar
http://www.wikidata.org/entity/Q37158,Starbucks,США,1971,13299500000,2012,US dollar,191000,2014,-5321200000,2021,US dollar
http://www.wikidata.org/entity/Q37158,Starbucks,США,1971,13299500000,2012,US dollar,383000,2021,-5321200000,2021,US dollar
http://www.wikidata.org/entity/Q37158,Starbucks,США,1971,13299500000,2012,US dollar,245000,2016,-5321200000,2021,US dollar
http://www.wikidata.org/entity/Q37158,Starbucks,США,1971,13299500000,2016,US dollar,191000,2014,-5321200000,2021,US dollar
http://www.wikidata.org/entity/Q37158,Starbucks,США,1971,13299500000,2016,US dollar,383000,2021,-5321200000,2021,US dollar
http://www.wikidata.org/entity/Q37158,Starbucks,США,1971,13299500000,2016,US dollar,245000,2016,-5321200000,2021,US dollar
http://www.wikidata.org/entity/Q37158,Starbucks,США,1971,11700400000,2011,US dollar,191000,2014,-5321200000,2021,US dollar
http://www.wikidata.org/entity/Q37158,Starbucks,США,1971,11700400000,2011,US dollar,383000,2021,-5321200000,2021,US dollar
http://www.wikidata.org/entity/Q37158,Starbucks,США,1971,11700400000,2011,US dollar,245000,2016,-5321200000,2021,US dollar
http://www.wikidata.org/entity/Q37158,Starbucks,США,1971,10707400000,2010,US dollar,191000,2014,-5321200000,2021,US dollar
http://www.wikidata.org/entity/Q37158,Starbucks,США,1971,10707400000,2010,US dollar,383000,2021,-5321200000,2021,US dollar
http://www.wikidata.org/entity/Q37158,Starbucks,США,1971,10707400000,2010,US dollar,245000,2016,-5321200000,2021,US dollar
http://www.wikidata.org/entity/Q37158,Starbucks,США,1971,10383000000,2008,US dollar,191000,2014,-5321200000,2021,US dollar
http://www.wikidata.org/entity/Q37158,Starbucks,США,1971,10383000000,2008,US dollar,383000,2021,-5321200000,2021,US dollar
http://www.wikidata.org/entity/Q37158,Starbucks,США,1971,10383000000,2008,US dollar,245000,2016,-5321200000,2021,US dollar
http://www.wikidata.org/entity/Q37158,Starbucks,США,1971,9774600000,2009,US dollar,191000,2014,-5321200000,2021,US dollar
http://www.wikidata.org/entity/Q37158,Starbucks,США,1971,9774600000,2009,US dollar,383000,2021,-5321200000,2021,US dollar
http://www.wikidata.org/entity/Q37158,Starbucks,США,1971,9774600000,2009,US dollar,245000,2016,-5321200000,2021,US dollar
http://www.wikidata.org/entity/Q37158,Starbucks,США,1971,9411500000,2007,US dollar,191000,2014,-5321200000,2021,US dollar
http://www.wikidata.org/entity/Q37158,Starbucks,США,1971,9411500000,2007,US dollar,383000,2021,-5321200000,2021,US dollar
http://www.wikidata.org/entity/Q37158,Starbucks,США,1971,9411500000,2007,US dollar,245000,2016,-5321200000,2021,US dollar
http://www.wikidata.org/entity/Q564213,Tchibo,Германия,1949,3400000000,2015,euro,8300,2015,,,
http://www.wikidata.org/entity/Q564213,Tchibo,Германия,1949,3400000000,2015,euro,12000,2015,,,
http://www.wikidata.org/entity/Q564213,Tchibo,Германия,1949,3400000000,2015,euro,8300,2015,,,
http://www.wikidata.org/entity/Q564213,Tchibo,Германия,1949,3400000000,2015,euro,12000,2015,,,
http://www.wikidata.org/entity/Q564213,Tchibo,Германия,1949,3400000000,2015,euro,8300,2015,,,
http://www.wikidata.org/entity/Q564213,Tchibo,Германия,1949,3400000000,2015,euro,12000,2015,,,
http://www.wikidata.org/entity/Q564213,Tchibo,Германия,1949,3400000000,2015,euro,8300,2015,,,
http://www.wikidata.org/entity/Q564213,Tchibo,Германия,1949,3400000000,2015,euro,12000,2015,,,
http://www.wikidata.org/entity/Q564213,Tchibo,Германия,1949,3400000000,2015,Euro,8300,2015,,,
http://www.wikidata.org/entity/Q564213,Tchibo,Германия,1949,3400000000,2015,Euro,12000,2015,,,
http://www.wikidata.org/entity/Q564213,Tchibo,Германия,1949,3400000000,2015,euro,8300,2015,,,
http://www.wikidata.org/entity/Q564213,Tchibo,Германия,1949,3400000000,2015,euro,12000,2015,,,
http://www.wikidata.org/entity/Q564213,Tchibo,Германия,1949,3400000000,2015,euro,8300,2015,,,
http://www.wikidata.org/entity/Q564213,Tchibo,Германия,1949,3400000000,2015,euro,12000,2015,,,
http://www.wikidata.org/entity/Q564213,Tchibo,Германия,1949,3400000000,2015,euro,8300,2015,,,
http://www.wikidata.org/entity/Q564213,Tchibo,Германия,1949,3400000000,2015,euro,12000,2015,,,
http://www.wikidata.org/entity/Q564213,Tchibo,Германия,1949,3400000000,2015,евро,8300,2015,,,
http://www.wikidata.org/entity/Q564213,Tchibo,Германия,1949,3400000000,2015,евро,12000,2015,,,
http://www.wikidata.org/entity/Q564213,Tchibo,Германия,1949,3400000000,2015,ευρώ,8300,2015,,,
http://www.wikidata.org/entity/Q564213,Tchibo,Германия,1949,3400000000,2015,ευρώ,12000,2015,,,
http://www.wikidata.org/entity/Q564213,Tchibo,Германия,1949,3400000000,2015,euro,8300,2015,,,
http://www.wikidata.org/entity/Q564213,Tchibo,Германия,1949,3400000000,2015,euro,12000,2015,,,
http://www.wikidata.org/entity/Q564213,Tchibo,Германия,1949,3400000000,2015,euro,8300,2015,,,
http://www.wikidata.org/entity/Q564213,Tchibo,Германия,1949,3400000000,2015,euro,12000,2015,,,
http://www.wikidata.org/entity/Q564213,Tchibo,Германия,1949,3400000000,2015,euró,8300,2015,,,
http://www.wikidata.org/entity/Q564213,Tchibo,Германия,1949,3400000000,2015,euró,12000,2015,,,
http://www.wikidata.org/entity/Q564213,Tchibo,Германия,1949,3400000000,2015,euras,8300,2015,,,
http://www.wikidata.org/entity/Q564213,Tchibo,Германия,1949,3400000000,2015,euras,12000,2015,,,
http://www.wikidata.org/entity/Q564213,Tchibo,Германия,1949,3400000000,2015,eiro,8300,2015,,,
http://www.wikidata.org/entity/Q564213,Tchibo,Германия,1949,3400000000,2015,eiro,12000,2015,,,
http://www.wikidata.org/entity/Q564213,Tchibo,Германия,1949,3400000000,2015,ewro,8300,2015,,,
http://www.wikidata.org/entity/Q564213,Tchibo,Германия,1949,3400000000,2015,ewro,12000,2015,,,
http://www.wikidata.org/entity/Q564213,Tchibo,Германия,1949,3400000000,2015,euro,8300,2015,,,
http://www.wikidata.org/entity/Q564213,Tchibo,Германия,1949,3400000000,2015,euro,12000,2015,,,
http://www.wikidata.org/entity/Q564213,Tchibo,Германия,1949,3400000000,2015,euro,8300,2015,,,
http://www.wikidata.org/entity/Q564213,Tchibo,Германия,1949,3400000000,2015,euro,12000,2015,,,
http://www.wikidata.org/entity/Q564213,Tchibo,Германия,1949,3400000000,2015,euro,8300,2015,,,
http://www.wikidata.org/entity/Q564213,Tchibo,Германия,1949,3400000000,2015,euro,12000,2015,,,
http://www.wikidata.org/entity/Q543750,Lavazza,Италия,1895,3100000000,2023,euro,3800,2017,,,
http://www.wikidata.org/entity/Q543750,Lavazza,Италия,1895,3100000000,2023,euro,3800,2017,,,
http://www.wikidata.org/entity/Q543750,Lavazza,Италия,1895,3100000000,2023,euro,3800,2017,,,
http://www.wikidata.org/entity/Q543750,Lavazza,Италия,1895,3100000000,2023,euro,3800,2017,,,
http://www.wikidata.org/entity/Q543750,Lavazza,Италия,1895,3100000000,2023,Euro,3800,2017,,,
http://www.wikidata.org/entity/Q543750,Lavazza,Италия,1895,3100000000,2023,euro,3800,2017,,,
http://www.wikidata.org/entity/Q543750,Lavazza,Италия,1895,3100000000,2023,euro,3800,2017,,,
http://www.wikidata.org/entity/Q543750,Lavazza,Италия,1895,3100000000,2023,euro,3800,2017,,,
http://www.wikidata.org/entity/Q543750,Lavazza,Италия,1895,3100000000,2023,евро,3800,2017,,,
http://www.wikidata.org/entity/Q543750,Lavazza,Италия,1895,3100000000,2023,ευρώ,3800,2017,,,
http://www.wikidata.org/entity/Q543750,Lavazza,Италия,1895,3100000000,2023,euro,3800,2017,,,
http://www.wikidata.org/entity/Q543750,Lavazza,Италия,1895,3100000000,2023,euro,3800,2017,,,
http://www.wikidata.org/entity/Q543750,Lavazza,Италия,1895,3100000000,2023,euró,3800,2017,,,
http://www.wikidata.org/entity/Q543750,Lavazza,Италия,1895,3100000000,2023,euras,3800,2017,,,
http://www.wikidata.org/entity/Q543750,Lavazza,Италия,1895,3100000000,2023,eiro,3800,2017,,,
http://www.wikidata.org/entity/Q543750,Lavazza,Италия,1895,3100000000,2023,ewro,3800,2017,,,
http://www.wikidata.org/entity/Q543750,Lavazza,Италия,1895,3100000000,2023,euro,3800,2017,,,
http://www.wikidata.org/entity/Q543750,Lavazza,Италия,1895,3100000000,2023,euro,3800,2017,,,
http://www.wikidata.org/entity/Q543750,Lavazza,Италия,1895,3100000000,2023,euro,3800,2017,,,
http://www.wikidata.org/entity/Q543750,Lavazza,Италия,1895,1473000000,2015,euro,3800,2017,,,
http://www.wikidata.org/entity/Q543750,Lavazza,Италия,1895,1473000000,2015,euro,3800,2017,,,
http://www.wikidata.org/entity/Q543750,Lavazza,Италия,1895,1473000000,2015,euro,3800,2017,,,
http://www.wikidata.org/entity/Q543750,Lavazza,Италия,1895,1473000000,2015,euro,3800,2017,,,
http://www.wikidata.org/entity/Q543750,Lavazza,Италия,1895,1473000000,2015,Euro,3800,2017,,,
http://www.wikidata.org/entity/Q543750,Lavazza,Италия,1895,1473000000,2015,euro,3800,2017,,,
http://www.wikidata.org/entity/Q543750,Lavazza,Италия,1895,1473000000,2015,euro,3800,2017,,,
http://www.wikidata.org/entity/Q543750,Lavazza,Италия,1895,1473000000,2015,euro,3800,2017,,,
http://www.wikidata.org/entity/Q543750,Lavazza,Италия,1895,1473000000,2015,евро,3800,2017,,,
http://www.wikidata.org/entity/Q543750,Lavazza,Италия,1895,1473000000,2015,ευρώ,3800,2017,,,
http://www.wikidata.org/entity/Q543750,Lavazza,Италия,1895,1473000000,2015,euro,3800,2017,,,
http://www.wikidata.org/entity/Q543750,Lavazza,Италия,1895,1473000000,2015,euro,3800,2017,,,
http://www.wikidata.org/entity/Q543750,Lavazza,Италия,1895,1473000000,2015,euró,3800,2017,,,
http://www.wikidata.org/entity/Q543750,Lavazza,Италия,1895,1473000000,2015,euras,3800,2017,,,
http://www.wikidata.org/entity/Q543750,Lavazza,Италия,1895,1473000000,2015,eiro,3800,2017,,,
http://www.wikidata.org/entity/Q543750,Lavazza,Италия,1895,1473000000,2015,ewro,3800,2017,,,
http://www.wikidata.org/entity/Q543750,Lavazza,Италия,1895,1473000000,2015,euro,3800,2017,,,
http://www.wikidata.org/entity/Q543750,Lavazza,Италия,1895,1473000000,2015,euro,3800,2017,,,
http://www.wikidata.org/entity/Q543750,Lavazza,Италия,1895,1473000000,2015,euro,3800,2017,,,
http://www.wikidata.org/entity/Q2869396,Atlantic Grupa,Хорватия,1991,987082000,2023,euro,5274,2024,446258000,2024,euro
http://www.wikidata.org/entity/Q2869396,Atlantic Grupa,Хорватия,1991,987082000,2023,euro,5274,2024,446258000,2024,euro
http://www.wikidata.org/entity/Q2869396,Atlantic Grupa,Хорватия,1991,987082000,2023,euro,5274,2024,446258000,2024,euro
http://www.wikidata.org/entity/Q2869396,Atlantic Grupa,Хорватия,1991,987082000,2023,euro,5274,2024,446258000,2024,euro
http://www.wikidata.org/entity/Q2869396,Atlantic Grupa,Хорватия,1991,987082000,2023,euro,5274,2024,446258000,2024,Euro
http://www.wikidata.org/entity/Q2869396,Atlantic Grupa,Хорватия,1991,987082000,2023,euro,5274,2024,446258000,2024,euro
http://www.wikidata.org/entity/Q2869396,Atlantic Grupa,Хорватия,1991,987082000,2023,euro,5274,2024,446258000,2024,euro
http://www.wikidata.org/entity/Q2869396,Atlantic Grupa,Хорватия,1991,987082000,2023,euro,5274,2024,446258000,2024,euro
http://www.wikidata.org/entity/Q2869396,Atlantic Grupa,Хорватия,1991,987082000,2023,euro,5274,2024,446258000,2024,евро
http://www.wikidata.org/entity/Q2869396,Atlantic Grupa,Хорватия,1991,987082000,2023,euro,5274,2024,446258000,2024,ευρώ
http://www.wikidata.org/entity/Q2869396,Atlantic Grupa,Хорватия,1991,987082000,2023,euro,5274,2024,446258000,2024,euro
http://www.wikidata.org/entity/Q2869396,Atlantic Grupa,Хорватия,1991,987082000,2023,euro,5274,2024,446258000,2024,euro
http://www.wikidata.org/entity/Q2869396,Atlantic Grupa,Хорватия,1991,987082000,2023,euro,5274,2024,446258000,2024,euró
http://www.wikidata.org/entity/Q2869396,Atlantic Grupa,Хорватия,1991,987082000,2023,euro,5274,2024,446258000,2024,euras
http://www.wikidata.org/entity/Q2869396,Atlantic Grupa,Хорватия,1991,987082000,2023,euro,5274,2024,446258000,2024,eiro
http://www.wikidata.org/entity/Q2869396,Atlantic Grupa,Хорватия,1991,987082000,2023,euro,5274,2024,446258000,2024,ewro
http://www.wikidata.org/entity/Q2869396,Atlantic Grupa,Хорватия,1991,987082000,2023,euro,5274,2024,446258000,2024,euro
http://www.wikidata.org/entity/Q2869396,Atlantic Grupa,Хорватия,1991,987082000,2023,euro,5274,2024,446258000,2024,euro
http://www.wikidata.org/entity/Q2869396,Atlantic Grupa,Хорватия,1991,987082000,2023,euro,5274,2024,446258000,2024,euro
http://www.wikidata.org/entity/Q2869396,Atlantic Grupa,Хорватия,1991,987082000,2023,euro,5274,2024,446258000,2024,euro
http://www.wikidata.org/entity/Q2869396,Atlantic Grupa,Хорватия,1991,987082000,2023,euro,5274,2024,446258000,2024,euro
http://www.wikidata.org/entity/Q2869396,Atlantic Grupa,Хорватия,1991,987082000,2023,euro,5274,2024,446258000,2024,euro
http://www.wikidata.org/entity/Q2869396,Atlantic Grupa,Хорватия,1991,987082000,2023,euro,5274,2024,446258000,2024,euro
http://www.wikidata.org/entity/Q2869396,Atlantic Grupa,Хорватия,1991,987082000,2023,euro,5274,2024,446258000,2024,Euro
http://www.wikidata.org/entity/Q2869396,Atlantic Grupa,Хорватия,1991,987082000,2023,euro,5274,2024,446258000,2024,euro
http://www.wikidata.org/entity/Q2869396,Atlantic Grupa,Хорватия,1991,987082000,2023,euro,5274,2024,446258000,2024,euro
http://www.wikidata.org/entity/Q2869396,Atlantic Grupa,Хорватия,1991,987082000,2023,euro,5274,2024,446258000,2024,euro
http://www.wikidata.org/entity/Q2869396,Atlantic Grupa,Хорватия,1991,987082000,2023,euro,5274,2024,446258000,2024,евро
http://www.wikidata.org/entity/Q2869396,Atlantic Grupa,Хорватия,1991,987082000,2023,euro,5274,2024,446258000,2024,ευρώ
http://www.wikidata.org/entity/Q2869396,Atlantic Grupa,Хорватия,1991,987082000,2023,euro,5274,2024,446258000,2024,euro
http://www.wikidata.org/entity/Q2869396,Atlantic Grupa,Хорватия,1991,987082000,2023,euro,5274,2024,446258000,2024,euro
http://www.wikidata.org/entity/Q2869396,Atlantic Grupa,Хорватия,1991,987082000,2023,euro,5274,2024,446258000,2024,euró
http://www.wikidata.org/entity/Q2869396,Atlantic Grupa,Хорватия,1991,987082000,2023,euro,5274,2024,446258000,2024,euras
http://www.wikidata.org/entity/Q2869396,Atlantic Grupa,Хорватия,1991,987082000,2023,euro,5274,2024,446258000,2024,eiro
http://www.wikidata.org/entity/Q2869396,Atlantic Grupa,Хорватия,1991,987082000,2023,euro,5274,2024,446258000,2024,ewro
http://www.wikidata.org/entity/Q2869396,Atlantic Grupa,Хорватия,1991,987082000,2023,euro,5274,2024,446258000,2024,euro
http://www.wikidata.org/entity/Q2869396,Atlantic Grupa,Хорватия,1991,987082000,2023,euro,5274,2024,446258000,2024,euro
http://www.wikidata.org/entity/Q2869396,Atlantic Grupa,Хорватия,1991,987082000,2023,euro,5274,2024,446258000,2024,euro
http://www.wikidata.org/entity/Q2869396,Atlantic Grupa,Хорватия,1991,987082000,2023,euro,5274,2024,446258000,2024,euro
http://www.wikidata.org/entity/Q2869396,Atlantic Grupa,Хорватия,1991,987082000,2023,euro,5274,2024,446258000,2024,euro
http://www.wikidata.org/entity/Q2869396,Atlantic Grupa,Хорватия,1991,987082000,2023,euro,5274,2024,446258000,2024,euro
http://www.wikidata.org/entity/Q2869396,Atlantic Grupa,Хорватия,1991,987082000,2023,euro,5274,2024,446258000,2024,euro
http://www.wikidata.org/entity/Q2869396,Atlantic Grupa,Хорватия,1991,987082000,2023,euro,5274,2024,446258000,2024,Euro
http://www.wikidata.org/entity/Q2869396,Atlantic Grupa,Хорватия,1991,987082000,2023,euro,5274,2024,446258000,2024,euro
http://www.wikidata.org/entity/Q2869396,Atlantic Grupa,Хорватия,1991,987082000,2023,euro,5274,2024,446258000,2024,euro
http://www.wikidata.org/entity/Q2869396,Atlantic Grupa,Хорватия,1991,987082000,2023,euro,5274,2024,446258000,2024,euro
http://www.wikidata.org/entity/Q2869396,Atlantic Grupa,Хорватия,1991,987082000,2023,euro,5274,2024,446258000,2024,евро
http://www.wikidata.org/entity/Q2869396,Atlantic Grupa,Хорватия,1991,987082000,2023,euro,5274,2024,446258000,2024,ευρώ
http://www.wikidata.org/entity/Q2869396,Atlantic Grupa,Хорватия,1991,987082000,2023,euro,5274,2024,446258000,2024,euro
http://www.wikidata.org/entity/Q2869396,Atlantic Grupa,Хорватия,1991,987082000,2023,euro,5274,2024,446258000,2024,euro
http://www.wikidata.org/entity/Q2869396,Atlantic Grupa,Хорватия,1991,987082000,2023,euro,5274,2024,446258000,2024,euró
http://www.wikidata.org/entity/Q2869396,Atlantic Grupa,Хорватия,1991,987082000,2023,euro,5274,2024,446258000,2024,euras
http://www.wikidata.org/entity/Q2869396,Atlantic Grupa,Хорватия,1991,987082000,2023,euro,5274,2024,446258000,2024,eiro
http://www.wikidata.org/entity/Q2869396,Atlantic Grupa,Хорватия,1991,987082000,2023,euro,5274,2024,446258000,2024,ewro
http://www.wikidata.org/entity/Q2869396,Atlantic Grupa,Хорватия,1991,987082000,2023,euro,5274,2024,446258000,2024,euro
http://www.wikidata.org/entity/Q2869396,Atlantic Grupa,Хорватия,1991,987082000,2023,euro,5274,2024,446258000,2024,euro
http://www.wikidata.org/entity/Q2869396,Atlantic Grupa,Хорватия,1991,987082000,2023,euro,5274,2024,446258000,2024,euro
http://www.wikidata.org/entity/Q2869396,Atlantic Grupa,Хорватия,1991,987082000,2023,euro,5274,2024,446258000,2024,euro
http://www.wikidata.org/entity/Q2869396,Atlantic Grupa,Хорватия,1991,987082000,2023,euro,5274,2024,446258000,2024,euro
http://www.wikidata.org/entity/Q2869396,Atlantic Grupa,Хорватия,1991,987082000,2023,euro,5274,2024,446258000,2024,euro
http://www.wikidata.org/entity/Q2869396,Atlantic Grupa,Хорватия,1991,987082000,2023,euro,5274,2024,446258000,2024,euro
http://www.wikidata.org/entity/Q2869396,Atlantic Grupa,Хорватия,1991,987082000,2023,euro,5274,2024,446258000,2024,Euro
http://www.wikidata.org/entity/Q2869396,Atlantic Grupa,Хорватия,1991,987082000,2023,euro,5274,2024,446258000,2024,euro
http://www.wikidata.org/entity/Q2869396,Atlantic Grupa,Хорватия,1991,987082000,2023,euro,5274,2024,446258000,2024,euro
http://www.wikidata.org/entity/Q2869396,Atlantic Grupa,Хорватия,1991,987082000,2023,euro,5274,2024,446258000,2024,euro
http://www.wikidata.org/entity/Q2869396,Atlantic Grupa,Хорватия,1991,987082000,2023,euro,5274,2024,446258000,2024,евро
http://www.wikidata.org/entity/Q2869396,Atlantic Grupa,Хорватия,1991,987082000,2023,euro,5274,2024,446258000,2024,ευρώ
http://www.wikidata.org/entity/Q2869396,Atlantic Grupa,Хорватия,1991,987082000,2023,euro,5274,2024,446258000,2024,euro
http://www.wikidata.org/entity/Q2869396,Atlantic Grupa,Хорватия,1991,987082000,2023,euro,5274,2024,446258000,2024,euro
http://www.wikidata.org/entity/Q2869396,Atlantic Grupa,Хорватия,1991,987082000,2023,euro,5274,2024,446258000,2024,euró
http://www.wikidata.org/entity/Q2869396,Atlantic Grupa,Хорватия,1991,987082000,2023,euro,5274,2024,446258000,2024,euras
http://www.wikidata.org/entity/Q2869396,Atlantic Grupa,Хорватия,1991,987082000,2023,euro,5274,2024,446258000,2024,eiro
http://www.wikidata.org/entity/Q2869396,Atlantic Grupa,Хорватия,1991,987082000,2023,euro,5274,2024,446258000,2024,ewro
http://www.wikidata.org/entity/Q2869396,Atlantic Grupa,Хорватия,1991,987082000,2023,euro,5274,2024,446258000,2024,euro
http://www.wikidata.org/entity/Q2869396,Atlantic Grupa,Хорватия,1991,987082000,2023,euro,5274,2024,446258000,2024,euro
http://www.wikidata.org/entity/Q2869396,Atlantic Grupa,Хорватия,1991,987082000,2023,euro,5274,2024,446258000,2024,euro
http://www.wikidata.org/entity/Q2869396,Atlantic Grupa,Хорватия,1991,987082000,2023,Euro,5274,2024,446258000,2024,euro
http://www.wikidata.org/entity/Q2869396,Atlantic Grupa,Хорватия,1991,987082000,2023,Euro,5274,2024,446258000,2024,euro
http://www.wikidata.org/entity/Q2869396,Atlantic Grupa,Хорватия,1991,987082000,2023,Euro,5274,2024,446258000,2024,euro
http://www.wikidata.org/entity/Q2869396,Atlantic Grupa,Хорватия,1991,987082000,2023,Euro,5274,2024,446258000,2024,euro
http://www.wikidata.org/entity/Q2869396,Atlantic Grupa,Хорватия,1991,987082000,2023,Euro,5274,2024,446258000,2024,Euro
http://www.wikidata.org/entity/Q2869396,Atlantic Grupa,Хорватия,1991,987082000,2023,Euro,5274,2024,446258000,2024,euro
http://www.wikidata.org/entity/Q2869396,Atlantic Grupa,Хорватия,1991,987082000,2023,Euro,5274,2024,446258000,2024,euro
http://www.wikidata.org/entity/Q2869396,Atlantic Grupa,Хорватия,1991,987082000,2023,Euro,5274,2024,446258000,2024,euro
http://www.wikidata.org/entity/Q2869396,Atlantic Grupa,Хорватия,1991,987082000,2023,Euro,5274,2024,446258000,2024,евро
http://www.wikidata.org/entity/Q2869396,Atlantic Grupa,Хорватия,1991,987082000,2023,Euro,5274,2024,446258000,2024,ευρώ
http://www.wikidata.org/entity/Q2869396,Atlantic Grupa,Хорватия,1991,987082000,2023,Euro,5274,2024,446258000,2024,euro
http://www.wikidata.org/entity/Q2869396,Atlantic Grupa,Хорватия,1991,987082000,2023,Euro,5274,2024,446258000,2024,euro
http://www.wikidata.org/entity/Q2869396,Atlantic Grupa,Хорватия,1991,987082000,2023,Euro,5274,2024,446258000,2024,euró
http://www.wikidata.org/entity/Q2869396,Atlantic Grupa,Хорватия,1991,987082000,2023,Euro,5274,2024,446258000,2024,euras
http://www.wikidata.org/entity/Q2869396,Atlantic Grupa,Хорватия,1991,987082000,2023,Euro,5274,2024,446258000,2024,eiro
http://www.wikidata.org/entity/Q2869396,Atlantic Grupa,Хорватия,1991,987082000,2023,Euro,5274,2024,446258000,2024,ewro
http://www.wikidata.org/entity/Q2869396,Atlantic Grupa,Хорватия,1991,987082000,2023,Euro,5274,2024,446258000,2024,euro
http://www.wikidata.org/entity/Q2869396,Atlantic Grupa,Хорватия,1991,987082000,2023,Euro,5274,2024,446258000,2024,euro
http://www.wikidata.org/entity/Q2869396,Atlantic Grupa,Хорватия,1991,987082000,2023,Euro,5274,2024,446258000,2024,euro
http://www.wikidata.org/entity/Q2869396,Atlantic Grupa,Хорватия,1991,987082000,2023,euro,5274,2024,446258000,2024,euro
http://www.wikidata.org/entity/Q2869396,Atlantic Grupa,Хорватия,1991,987082000,2023,euro,5274,2024,446258000,2024,euro
http://www.wikidata.org/entity/Q2869396,Atlantic Grupa,Хорватия,1991,987082000,2023,euro,5274,2024,446258000,2024,euro
http://www.wikidata.org/entity/Q2869396,Atlantic Grupa,Хорватия,1991,987082000,2023,euro,5274,2024,446258000,2024,euro
http://www.wikidata.org/entity/Q2869396,Atlantic Grupa,Хорватия,1991,987082000,2023,euro,5274,2024,446258000,2024,Euro
http://www.wikidata.org/entity/Q2869396,Atlantic Grupa,Хорватия,1991,987082000,2023,euro,5274,2024,446258000,2024,euro
http://www.wikidata.org/entity/Q2869396,Atlantic Grupa,Хорватия,1991,987082000,2023,euro,5274,2024,446258000,2024,euro
http://www.wikidata.org/entity/Q2869396,Atlantic Grupa,Хорватия,1991,987082000,2023,euro,5274,2024,446258000,2024,euro
http://www.wikidata.org/entity/Q2869396,Atlantic Grupa,Хорватия,1991,987082000,2023,euro,5274,2024,446258000,2024,евро
http://www.wikidata.org/entity/Q2869396,Atlantic Grupa,Хорватия,1991,987082000,2023,euro,5274,2024,446258000,2024,ευρώ
http://www.wikidata.org/entity/Q2869396,Atlantic Grupa,Хорватия,1991,987082000,2023,euro,5274,2024,446258000,2024,euro
http://www.wikidata.org/entity/Q2869396,Atlantic Grupa,Хорватия,1991,987082000,2023,euro,5274,2024,446258000,2024,euro
http://www.wikidata.org/entity/Q2869396,Atlantic Grupa,Хорватия,1991,987082000,2023,euro,5274,2024,446258000,2024,euró
http://www.wikidata.org/entity/Q2869396,Atlantic Grupa,Хорватия,1991,987082000,2023,euro,5274,2024,446258000,2024,euras
http://www.wikidata.org/entity/Q2869396,Atlantic Grupa,Хорватия,1991,987082000,2023,euro,5274,2024,446258000,2024,eiro
http://www.wikidata.org/entity/Q2869396,Atlantic Grupa,Хорватия,1991,987082000,2023,euro,5274,2024,446258000,2024,ewro
http://www.wikidata.org/entity/Q2869396,Atlantic Grupa,Хорватия,1991,987082000,2023,euro,5274,2024,446258000,2024,euro
http://www.wikidata.org/entity/Q2869396,Atlantic Grupa,Хорватия,1991,987082000,2023,euro,5274,2024,446258000,2024,euro
http://www.wikidata.org/entity/Q2869396,Atlantic Grupa,Хорватия,1991,987082000,2023,euro,5274,2024,446258000,2024,euro
http://www.wikidata.org/entity/Q2869396,Atlantic Grupa,Хорватия,1991,987082000,2023,euro,5274,2024,446258000,2024,euro
http://www.wikidata.org/entity/Q2869396,Atlantic Grupa,Хорватия,1991,987082000,2023,euro,5274,2024,446258000,2024,euro
http://www.wikidata.org/entity/Q2869396,Atlantic Grupa,Хорватия,1991,987082000,2023,euro,5274,2024,446258000,2024,euro
http://www.wikidata.org/entity/Q2869396,Atlantic Grupa,Хорватия,1991,987082000,2023,euro,5274,2024,446258000,2024,euro
http://www.wikidata.org/entity/Q2869396,Atlantic Grupa,Хорватия,1991,987082000,2023,euro,5274,2024,446258000,2024,Euro
http://www.wikidata.org/entity/Q2869396,Atlantic Grupa,Хорватия,1991,987082000,2023,euro,5274,2024,446258000,2024,euro
http://www.wikidata.org/entity/Q2869396,Atlantic Grupa,Хорватия,1991,987082000,2023,euro,5274,2024,446258000,2024,euro
http://www.wikidata.org/entity/Q2869396,Atlantic Grupa,Хорватия,1991,987082000,2023,euro,5274,2024,446258000,2024,euro
http://www.wikidata.org/entity/Q2869396,Atlantic Grupa,Хорватия,1991,987082000,2023,euro,5274,2024,446258000,2024,евро
http://www.wikidata.org/entity/Q2869396,Atlantic Grupa,Хорватия,1991,987082000,2023,euro,5274,2024,446258000,2024,ευρώ
http://www.wikidata.org/entity/Q2869396,Atlantic Grupa,Хорватия,1991,987082000,2023,euro,5274,2024,446258000,2024,euro
http://www.wikidata.org/entity/Q2869396,Atlantic Grupa,Хорватия,1991,987082000,2023,euro,5274,2024,446258000,2024,euro
http://www.wikidata.org/entity/Q2869396,Atlantic Grupa,Хорватия,1991,987082000,2023,euro,5274,2024,446258000,2024,euró
http://www.wikidata.org/entity/Q2869396,Atlantic Grupa,Хорватия,1991,987082000,2023,euro,5274,2024,446258000,2024,euras
http://www.wikidata.org/entity/Q2869396,Atlantic Grupa,Хорватия,1991,987082000,2023,euro,5274,2024,446258000,2024,eiro
http://www.wikidata.org/entity/Q2869396,Atlantic Grupa,Хорватия,1991,987082000,2023,euro,5274,2024,446258000,2024,ewro
http://www.wikidata.org/entity/Q2869396,Atlantic Grupa,Хорватия,1991,987082000,2023,euro,5274,2024,446258000,2024,euro
http://www.wikidata.org/entity/Q2869396,Atlantic Grupa,Хорватия,1991,987082000,2023,euro,5274,2024,446258000,2024,euro
http://www.wikidata.org/entity/Q2869396,Atlantic Grupa,Хорватия,1991,987082000,2023,euro,5274,2024,446258000,2024,euro
http://www.wikidata.org/entity/Q2869396,Atlantic Grupa,Хорватия,1991,987082000,2023,euro,5274,2024,446258000,2024,euro
http://www.wikidata.org/entity/Q2869396,Atlantic Grupa,Хорватия,1991,987082000,2023,euro,5274,2024,446258000,2024,euro
http://www.wikidata.org/entity/Q2869396,Atlantic Grupa,Хорватия,1991,987082000,2023,euro,5274,2024,446258000,2024,euro
http://www.wikidata.org/entity/Q2869396,Atlantic Grupa,Хорватия,1991,987082000,2023,euro,5274,2024,446258000,2024,euro
http://www.wikidata.org/entity/Q2869396,Atlantic Grupa,Хорватия,1991,987082000,2023,euro,5274,2024,446258000,2024,Euro
http://www.wikidata.org/entity/Q2869396,Atlantic Grupa,Хорватия,1991,987082000,2023,euro,5274,2024,446258000,2024,euro
http://www.wikidata.org/entity/Q2869396,Atlantic Grupa,Хорватия,1991,987082000,2023,euro,5274,2024,446258000,2024,euro
http://www.wikidata.org/entity/Q2869396,Atlantic Grupa,Хорватия,1991,987082000,2023,euro,5274,2024,446258000,2024,euro
http://www.wikidata.org/entity/Q2869396,Atlantic Grupa,Хорватия,1991,987082000,2023,euro,5274,2024,446258000,2024,евро
http://www.wikidata.org/entity/Q2869396,Atlantic Grupa,Хорватия,1991,987082000,2023,euro,5274,2024,446258000,2024,ευρώ
http://www.wikidata.org/entity/Q2869396,Atlantic Grupa,Хорватия,1991,987082000,2023,euro,5274,2024,446258000,2024,euro
http://www.wikidata.org/entity/Q2869396,Atlantic Grupa,Хорватия,1991,987082000,2023,euro,5274,2024,446258000,2024,euro
http://www.wikidata.org/entity/Q2869396,Atlantic Grupa,Хорватия,1991,987082000,2023,euro,5274,2024,446258000,2024,euró
http://www.wikidata.org/entity/Q2869396,Atlantic Grupa,Хорватия,1991,987082000,2023,euro,5274,2024,446258000,2024,euras
http://www.wikidata.org/entity/Q2869396,Atlantic Grupa,Хорватия,1991,987082000,2023,euro,5274,2024,446258000,2024,eiro
http://www.wikidata.org/entity/Q2869396,Atlantic Grupa,Хорватия,1991,987082000,2023,euro,5274,2024,446258000,2024,ewro
http://www.wikidata.org/entity/Q2869396,Atlantic Grupa,Хорватия,1991,987082000,2023,euro,5274,2024,446258000,2024,euro
http://www.wikidata.org/entity/Q2869396,Atlantic Grupa,Хорватия,1991,987082000,2023,euro,5274,2024,446258000,2024,euro
http://www.wikidata.org/entity/Q2869396,Atlantic Grupa,Хорватия,1991,987082000,2023,euro,5274,2024,446258000,2024,euro
http://www.wikidata.org/entity/Q2869396,Atlantic Grupa,Хорватия,1991,987082000,2023,евро,5274,2024,446258000,2024,euro
http://www.wikidata.org/entity/Q2869396,Atlantic Grupa,Хорватия,1991,987082000,2023,евро,5274,2024,446258000,2024,euro
http://www.wikidata.org/entity/Q2869396,Atlantic Grupa,Хорватия,1991,987082000,2023,евро,5274,2024,446258000,2024,euro
http://www.wikidata.org/entity/Q2869396,Atlantic Grupa,Хорватия,1991,987082000,2023,евро,5274,2024,446258000,2024,euro
http://www.wikidata.org/entity/Q2869396,Atlantic Grupa,Хорватия,1991,987082000,2023,евро,5274,2024,446258000,2024,Euro
http://www.wikidata.org/entity/Q2869396,Atlantic Grupa,Хорватия,1991,987082000,2023,евро,5274,2024,446258000,2024,euro
http://www.wikidata.org/entity/Q2869396,Atlantic Grupa,Хорватия,1991,987082000,2023,евро,5274,2024,446258000,2024,euro
http://www.wikidata.org/entity/Q2869396,Atlantic Grupa,Хорватия,1991,987082000,2023,евро,5274,2024,446258000,2024,euro
http://www.wikidata.org/entity/Q2869396,Atlantic Grupa,Хорватия,1991,987082000,2023,евро,5274,2024,446258000,2024,евро
http://www.wikidata.org/entity/Q2869396,Atlantic Grupa,Хорватия,1991,987082000,2023,евро,5274,2024,446258000,2024,ευρώ
http://www.wikidata.org/entity/Q2869396,Atlantic Grupa,Хорватия,1991,987082000,2023,евро,5274,2024,446258000,2024,euro
http://www.wikidata.org/entity/Q2869396,Atlantic Grupa,Хорватия,1991,987082000,2023,евро,5274,2024,446258000,2024,euro
http://www.wikidata.org/entity/Q2869396,Atlantic Grupa,Хорватия,1991,987082000,2023,евро,5274,2024,446258000,2024,euró
http://www.wikidata.org/entity/Q2869396,Atlantic Grupa,Хорватия,1991,987082000,2023,евро,5274,2024,446258000,2024,euras
http://www.wikidata.org/entity/Q2869396,Atlantic Grupa,Хорватия,1991,987082000,2023,евро,5274,2024,446258000,2024,eiro
http://www.wikidata.org/entity/Q2869396,Atlantic Grupa,Хорватия,1991,987082000,2023,евро,5274,2024,446258000,2024,ewro
http://www.wikidata.org/entity/Q2869396,Atlantic Grupa,Хорватия,1991,987082000,2023,евро,5274,2024,446258000,2024,euro
http://www.wikidata.org/entity/Q2869396,Atlantic Grupa,Хорватия,1991,987082000,2023,евро,5274,2024,446258000,2024,euro
http://www.wikidata.org/entity/Q2869396,Atlantic Grupa,Хорватия,1991,987082000,2023,евро,5274,2024,446258000,2024,euro
http://www.wikidata.org/entity/Q2869396,Atlantic Grupa,Хорватия,1991,987082000,2023,ευρώ,5274,2024,446258000,2024,euro
http://www.wikidata.org/entity/Q2869396,Atlantic Grupa,Хорватия,1991,987082000,2023,ευρώ,5274,2024,446258000,2024,euro
http://www.wikidata.org/entity/Q2869396,Atlantic Grupa,Хорватия,1991,987082000,2023,ευρώ,5274,2024,446258000,2024,euro
http://www.wikidata.org/entity/Q2869396,Atlantic Grupa,Хорватия,1991,987082000,2023,ευρώ,5274,2024,446258000,2024,euro
http://www.wikidata.org/entity/Q2869396,Atlantic Grupa,Хорватия,1991,987082000,2023,ευρώ,5274,2024,446258000,2024,Euro
http://www.wikidata.org/entity/Q2869396,Atlantic Grupa,Хорватия,1991,987082000,2023,ευρώ,5274,2024,446258000,2024,euro
http://www.wikidata.org/entity/Q2869396,Atlantic Grupa,Хорватия,1991,987082000,2023,ευρώ,5274,2024,446258000,2024,euro
http://www.wikidata.org/entity/Q2869396,Atlantic Grupa,Хорватия,1991,987082000,2023,ευρώ,5274,2024,446258000,2024,euro
http://www.wikidata.org/entity/Q2869396,Atlantic Grupa,Хорватия,1991,987082000,2023,ευρώ,5274,2024,446258000,2024,евро
http://www.wikidata.org/entity/Q2869396,Atlantic Grupa,Хорватия,1991,987082000,2023,ευρώ,5274,2024,446258000,2024,ευρώ
http://www.wikidata.org/entity/Q2869396,Atlantic Grupa,Хорватия,1991,987082000,2023,ευρώ,5274,2024,446258000,2024,euro
http://www.wikidata.org/entity/Q2869396,Atlantic Grupa,Хорватия,1991,987082000,2023,ευρώ,5274,2024,446258000,2024,euro
http://www.wikidata.org/entity/Q2869396,Atlantic Grupa,Хорватия,1991,987082000,2023,ευρώ,5274,2024,446258000,2024,euró
http://www.wikidata.org/entity/Q2869396,Atlantic Grupa,Хорватия,1991,987082000,2023,ευρώ,5274,2024,446258000,2024,euras
http://www.wikidata.org/entity/Q2869396,Atlantic Grupa,Хорватия,1991,987082000,2023,ευρώ,5274,2024,446258000,2024,eiro
http://www.wikidata.org/entity/Q2869396,Atlantic Grupa,Хорватия,1991,987082000,2023,ευρώ,5274,2024,446258000,2024,ewro
http://www.wikidata.org/entity/Q2869396,Atlantic Grupa,Хорватия,1991,987082000,2023,ευρώ,5274,2024,446258000,2024,euro
http://www.wikidata.org/entity/Q2869396,Atlantic Grupa,Хорватия,1991,987082000,2023,ευρώ,5274,2024,446258000,2024,euro
http://www.wikidata.org/entity/Q2869396,Atlantic Grupa,Хорватия,1991,987082000,2023,ευρώ,5274,2024,446258000,2024,euro
http://www.wikidata.org/entity/Q2869396,Atlantic Grupa,Хорватия,1991,987082000,2023,euro,5274,2024,446258000,2024,euro
http://www.wikidata.org/entity/Q2869396,Atlantic Grupa,Хорватия,1991,987082000,2023,euro,5274,2024,446258000,2024,euro
http://www.wikidata.org/entity/Q2869396,Atlantic Grupa,Хорватия,1991,987082000,2023,euro,5274,2024,446258000,2024,euro
http://www.wikidata.org/entity/Q2869396,Atlantic Grupa,Хорватия,1991,987082000,2023,euro,5274,2024,446258000,2024,euro
http://www.wikidata.org/entity/Q2869396,Atlantic Grupa,Хорватия,1991,987082000,2023,euro,5274,2024,446258000,2024,Euro
http://www.wikidata.org/entity/Q2869396,Atlantic Grupa,Хорватия,1991,987082000,2023,euro,5274,2024,446258000,2024,euro
http://www.wikidata.org/entity/Q2869396,Atlantic Grupa,Хорватия,1991,987082000,2023,euro,5274,2024,446258000,2024,euro
http://www.wikidata.org/entity/Q2869396,Atlantic Grupa,Хорватия,1991,987082000,2023,euro,5274,2024,446258000,2024,euro
http://www.wikidata.org/entity/Q2869396,Atlantic Grupa,Хорватия,1991,987082000,2023,euro,5274,2024,446258000,2024,евро
http://www.wikidata.org/entity/Q2869396,Atlantic Grupa,Хорватия,1991,987082000,2023,euro,5274,2024,446258000,2024,ευρώ
http://www.wikidata.org/entity/Q2869396,Atlantic Grupa,Хорватия,1991,987082000,2023,ewro,5274,2024,446258000,2024,ewro
http://www.wikidata.org/entity/Q2869396,Atlantic Grupa,Хорватия,1991,987082000,2023,ewro,5274,2024,446258000,2024,euro
http://www.wikidata.org/entity/Q2869396,Atlantic Grupa,Хорватия,1991,987082000,2023,ewro,5274,2024,446258000,2024,euro
http://www.wikidata.org/entity/Q2869396,Atlantic Grupa,Хорватия,1991,987082000,2023,ewro,5274,2024,446258000,2024,euro
http://www.wikidata.org/entity/Q2869396,Atlantic Grupa,Хорватия,1991,987082000,2023,euro,5274,2024,446258000,2024,euro
http://www.wikidata.org/entity/Q2869396,Atlantic Grupa,Хорватия,1991,987082000,2023,euro,5274,2024,446258000,2024,euro
http://www.wikidata.org/entity/Q2869396,Atlantic Grupa,Хорватия,1991,987082000,2023,euro,5274,2024,446258000,2024,euro
http://www.wikidata.org/entity/Q2869396,Atlantic Grupa,Хорватия,1991,987082000,2023,euro,5274,2024,446258000,2024,euro
http://www.wikidata.org/entity/Q2869396,Atlantic Grupa,Хорватия,1991,987082000,2023,euro,5274,2024,446258000,2024,Euro
http://www.wikidata.org/entity/Q2869396,Atlantic Grupa,Хорватия,1991,987082000,2023,euro,5274,2024,446258000,2024,euro
http://www.wikidata.org/entity/Q2869396,Atlantic Grupa,Хорватия,1991,987082000,2023,euro,5274,2024,446258000,2024,euro
http://www.wikidata.org/entity/Q2869396,Atlantic Grupa,Хорватия,1991,987082000,2023,euro,5274,2024,446258000,2024,euro
http://www.wikidata.org/entity/Q2869396,Atlantic Grupa,Хорватия,1991,987082000,2023,euro,5274,2024,446258000,2024,евро
http://www.wikidata.org/entity/Q2869396,Atlantic Grupa,Хорватия,1991,987082000,2023,euro,5274,2024,446258000,2024,ευρώ
http://www.wikidata.org/entity/Q2869396,Atlantic Grupa,Хорватия,1991,987082000,2023,euro,5274,2024,446258000,2024,euro
http://www.wikidata.org/entity/Q2869396,Atlantic Grupa,Хорватия,1991,987082000,2023,euro,5274,2024,446258000,2024,euro
http://www.wikidata.org/entity/Q2869396,Atlantic Grupa,Хорватия,1991,987082000,2023,euro,5274,2024,446258000,2024,euró
http://www.wikidata.org/entity/Q2869396,Atlantic Grupa,Хорватия,1991,987082000,2023,euro,5274,2024,446258000,2024,euras
http://www.wikidata.org/entity/Q2869396,Atlantic Grupa,Хорватия,1991,987082000,2023,euro,5274,2024,446258000,2024,eiro
http://www.wikidata.org/entity/Q2869396,Atlantic Grupa,Хорватия,1991,987082000,2023,euro,5274,2024,446258000,2024,ewro
http://www.wikidata.org/entity/Q2869396,Atlantic Grupa,Хорватия,1991,987082000,2023,euro,5274,2024,446258000,2024,euro
http://www.wikidata.org/entity/Q2869396,Atlantic Grupa,Хорватия,1991,987082000,2023,euro,5274,2024,446258000,2024,euro
http://www.wikidata.org/entity/Q2869396,Atlantic Grupa,Хорватия,1991,987082000,2023,euro,5274,2024,446258000,2024,euro
http://www.wikidata.org/entity/Q2869396,Atlantic Grupa,Хорватия,1991,987082000,2023,euro,5274,2024,446258000,2024,euro
http://www.wikidata.org/entity/Q2869396,Atlantic Grupa,Хорватия,1991,987082000,2023,euro,5274,2024,446258000,2024,euro
http://www.wikidata.org/entity/Q2869396,Atlantic Grupa,Хорватия,1991,987082000,2023,euro,5274,2024,446258000,2024,euro
http://www.wikidata.org/entity/Q2869396,Atlantic Grupa,Хорватия,1991,987082000,2023,euro,5274,2024,446258000,2024,euro
http://www.wikidata.org/entity/Q2869396,Atlantic Grupa,Хорватия,1991,987082000,2023,euro,5274,2024,446258000,2024,Euro
http://www.wikidata.org/entity/Q2869396,Atlantic Grupa,Хорватия,1991,987082000,2023,euro,5274,2024,446258000,2024,euro
http://www.wikidata.org/entity/Q2869396,Atlantic Grupa,Хорватия,1991,987082000,2023,euro,5274,2024,446258000,2024,euro
http://www.wikidata.org/entity/Q2869396,Atlantic Grupa,Хорватия,1991,987082000,2023,euro,5274,2024,446258000,2024,euro
http://www.wikidata.org/entity/Q2869396,Atlantic Grupa,Хорватия,1991,987082000,2023,euro,5274,2024,446258000,2024,евро
http://www.wikidata.org/entity/Q2869396,Atlantic Grupa,Хорватия,1991,987082000,2023,euro,5274,2024,446258000,2024,ευρώ
http://www.wikidata.org/entity/Q2869396,Atlantic Grupa,Хорватия,1991,987082000,2023,euro,5274,2024,446258000,2024,euro
http://www.wikidata.org/entity/Q2869396,Atlantic Grupa,Хорватия,1991,987082000,2023,euro,5274,2024,446258000,2024,euro
http://www.wikidata.org/entity/Q2869396,Atlantic Grupa,Хорватия,1991,987082000,2023,euro,5274,2024,446258000,2024,euró
http://www.wikidata.org/entity/Q2869396,Atlantic Grupa,Хорватия,1991,987082000,2023,euro,5274,2024,446258000,2024,euras
http://www.wikidata.org/entity/Q2869396,Atlantic Grupa,Хорватия,1991,987082000,2023,euro,5274,2024,446258000,2024,eiro
http://www.wikidata.org/entity/Q2869396,Atlantic Grupa,Хорватия,1991,987082000,2023,euro,5274,2024,446258000,2024,ewro
http://www.wikidata.org/entity/Q2869396,Atlantic Grupa,Хорватия,1991,987082000,2023,euro,5274,2024,446258000,2024,euro
http://www.wikidata.org/entity/Q2869396,Atlantic Grupa,Хорватия,1991,987082000,2023,euro,5274,2024,446258000,2024,euro
http://www.wikidata.org/entity/Q2869396,Atlantic Grupa,Хорватия,1991,987082000,2023,euro,5274,2024,446258000,2024,euro
http://www.wikidata.org/entity/Q2869396,Atlantic Grupa,Хорватия,1991,987082000,2023,euro,5274,2024,446258000,2024,euro
http://www.wikidata.org/entity/Q2869396,Atlantic Grupa,Хорватия,1991,987082000,2023,euro,5274,2024,446258000,2024,euro
http://www.wikidata.org/entity/Q2869396,Atlantic Grupa,Хорватия,1991,987082000,2023,euro,5274,2024,446258000,2024,euro
http://www.wikidata.org/entity/Q2869396,Atlantic Grupa,Хорватия,1991,987082000,2023,euro,5274,2024,446258000,2024,euro
http://www.wikidata.org/entity/Q2869396,Atlantic Grupa,Хорватия,1991,987082000,2023,euro,5274,2024,446258000,2024,Euro
http://www.wikidata.org/entity/Q2869396,Atlantic Grupa,Хорватия,1991,987082000,2023,euro,5274,2024,446258000,2024,euro
http://www.wikidata.org/entity/Q2869396,Atlantic Grupa,Хорватия,1991,987082000,2023,euro,5274,2024,446258000,2024,euro
http://www.wikidata.org/entity/Q2869396,Atlantic Grupa,Хорватия,1991,987082000,2023,euro,5274,2024,446258000,2024,euro
http://www.wikidata.org/entity/Q2869396,Atlantic Grupa,Хорватия,1991,987082000,2023,euro,5274,2024,446258000,2024,евро
http://www.wikidata.org/entity/Q2869396,Atlantic Grupa,Хорватия,1991,987082000,2023,euro,5274,2024,446258000,2024,ευρώ
http://www.wikidata.org/entity/Q2869396,Atlantic Grupa,Хорватия,1991,987082000,2023,euro,5274,2024,446258000,2024,euro
http://www.wikidata.org/entity/Q2869396,Atlantic Grupa,Хорватия,1991,987082000,2023,euro,5274,2024,446258000,2024,euro
http://www.wikidata.org/entity/Q2869396,Atlantic Grupa,Хорватия,1991,987082000,2023,euro,5274,2024,446258000,2024,euró
http://www.wikidata.org/entity/Q2869396,Atlantic Grupa,Хорватия,1991,987082000,2023,euro,5274,2024,446258000,2024,euras
http://www.wikidata.org/entity/Q2869396,Atlantic Grupa,Хорватия,1991,987082000,2023,euro,5274,2024,446258000,2024,eiro
http://www.wikidata.org/entity/Q2869396,Atlantic Grupa,Хорватия,1991,987082000,2023,euro,5274,2024,446258000,2024,ewro
http://www.wikidata.org/entity/Q2869396,Atlantic Grupa,Хорватия,1991,987082000,2023,euro,5274,2024,446258000,2024,euro
http://www.wikidata.org/entity/Q2869396,Atlantic Grupa,Хорватия,1991,987082000,2023,euro,5274,2024,446258000,2024,euro
http://www.wikidata.org/entity/Q2869396,Atlantic Grupa,Хорватия,1991,987082000,2023,euro,5274,2024,446258000,2024,euro
http://www.wikidata.org/entity/Q2869396,Atlantic Grupa,Хорватия,1991,987082000,2023,euro,5274,2024,446258000,2024,euro
http://www.wikidata.org/entity/Q2869396,Atlantic Grupa,Хорватия,1991,987082000,2023,euro,5274,2024,446258000,2024,euro
http://www.wikidata.org/entity/Q2869396,Atlantic Grupa,Хорватия,1991,987082000,2023,euro,5274,2024,446258000,2024,euró
http://www.wikidata.org/entity/Q2869396,Atlantic Grupa,Хорватия,1991,987082000,2023,euro,5274,2024,446258000,2024,euras
http://www.wikidata.org/entity/Q2869396,Atlantic Grupa,Хорватия,1991,987082000,2023,euro,5274,2024,446258000,2024,eiro
http://www.wikidata.org/entity/Q2869396,Atlantic Grupa,Хорватия,1991,987082000,2023,euro,5274,2024,446258000,2024,ewro
http://www.wikidata.org/entity/Q2869396,Atlantic Grupa,Хорватия,1991,987082000,2023,euro,5274,2024,446258000,2024,euro
http://www.wikidata.org/entity/Q2869396,Atlantic Grupa,Хорватия,1991,987082000,2023,euro,5274,2024,446258000,2024,euro
http://www.wikidata.org/entity/Q2869396,Atlantic Grupa,Хорватия,1991,987082000,2023,euro,5274,2024,446258000,2024,euro
http://www.wikidata.org/entity/Q2869396,Atlantic Grupa,Хорватия,1991,987082000,2023,euro,5274,2024,446258000,2024,euro
http://www.wikidata.org/entity/Q2869396,Atlantic Grupa,Хорватия,1991,987082000,2023,euro,5274,2024,446258000,2024,euro
http://www.wikidata.org/entity/Q2869396,Atlantic Grupa,Хорватия,1991,987082000,2023,euro,5274,2024,446258000,2024,euro
http://www.wikidata.org/entity/Q2869396,Atlantic Grupa,Хорватия,1991,987082000,2023,euro,5274,2024,446258000,2024,euro
http://www.wikidata.org/entity/Q2869396,Atlantic Grupa,Хорватия,1991,987082000,2023,euro,5274,2024,446258000,2024,Euro
http://www.wikidata.org/entity/Q2869396,Atlantic Grupa,Хорватия,1991,987082000,2023,euro,5274,2024,446258000,2024,euro
http://www.wikidata.org/entity/Q2869396,Atlantic Grupa,Хорватия,1991,987082000,2023,euro,5274,2024,446258000,2024,euro
http://www.wikidata.org/entity/Q2869396,Atlantic Grupa,Хорватия,1991,987082000,2023,euro,5274,2024,446258000,2024,euro
http://www.wikidata.org/entity/Q2869396,Atlantic Grupa,Хорватия,1991,987082000,2023,euro,5274,2024,446258000,2024,евро
http://www.wikidata.org/entity/Q2869396,Atlantic Grupa,Хорватия,1991,987082000,2023,euro,5274,2024,446258000,2024,ευρώ
http://www.wikidata.org/entity/Q2869396,Atlantic Grupa,Хорватия,1991,987082000,2023,euro,5274,2024,446258000,2024,euro
http://www.wikidata.org/entity/Q2869396,Atlantic Grupa,Хорватия,1991,987082000,2023,euro,5274,2024,446258000,2024,euro
http://www.wikidata.org/entity/Q2869396,Atlantic Grupa,Хорватия,1991,987082000,2023,euro,5274,2024,446258000,2024,euró
http://www.wikidata.org/entity/Q2869396,Atlantic Grupa,Хорватия,1991,987082000,2023,euro,5274,2024,446258000,2024,euras
http://www.wikidata.org/entity/Q2869396,Atlantic Grupa,Хорватия,1991,987082000,2023,euro,5274,2024,446258000,2024,eiro
http://www.wikidata.org/entity/Q2869396,Atlantic Grupa,Хорватия,1991,987082000,2023,euro,5274,2024,446258000,2024,ewro
http://www.wikidata.org/entity/Q2869396,Atlantic Grupa,Хорватия,1991,987082000,2023,euro,5274,2024,446258000,2024,euro
http://www.wikidata.org/entity/Q2869396,Atlantic Grupa,Хорватия,1991,987082000,2023,euro,5274,2024,446258000,2024,euro
http://www.wikidata.org/entity/Q2869396,Atlantic Grupa,Хорватия,1991,987082000,2023,euro,5274,2024,446258000,2024,euro
http://www.wikidata.org/entity/Q2869396,Atlantic Grupa,Хорватия,1991,987082000,2023,euró,5274,2024,446258000,2024,euro
http://www.wikidata.org/entity/Q2869396,Atlantic Grupa,Хорватия,1991,987082000,2023,euró,5274,2024,446258000,2024,euro
http://www.wikidata.org/entity/Q2869396,Atlantic Grupa,Хорватия,1991,987082000,2023,euró,5274,2024,446258000,2024,euro
http://www.wikidata.org/entity/Q2869396,Atlantic Grupa,Хорватия,1991,987082000,2023,euró,5274,2024,446258000,2024,euro
http://www.wikidata.org/entity/Q2869396,Atlantic Grupa,Хорватия,1991,987082000,2023,euró,5274,2024,446258000,2024,Euro
http://www.wikidata.org/entity/Q2869396,Atlantic Grupa,Хорватия,1991,987082000,2023,euró,5274,2024,446258000,2024,euro
http://www.wikidata.org/entity/Q2869396,Atlantic Grupa,Хорватия,1991,987082000,2023,euró,5274,2024,446258000,2024,euro
http://www.wikidata.org/entity/Q2869396,Atlantic Grupa,Хорватия,1991,987082000,2023,euró,5274,2024,446258000,2024,euro
http://www.wikidata.org/entity/Q2869396,Atlantic Grupa,Хорватия,1991,987082000,2023,euró,5274,2024,446258000,2024,евро
http://www.wikidata.org/entity/Q2869396,Atlantic Grupa,Хорватия,1991,987082000,2023,euró,5274,2024,446258000,2024,ευρώ
http://www.wikidata.org/entity/Q2869396,Atlantic Grupa,Хорватия,1991,987082000,2023,euró,5274,2024,446258000,2024,euro
http://www.wikidata.org/entity/Q2869396,Atlantic Grupa,Хорватия,1991,987082000,2023,euró,5274,2024,446258000,2024,euro
http://www.wikidata.org/entity/Q2869396,Atlantic Grupa,Хорватия,1991,987082000,2023,euró,5274,2024,446258000,2024,euró
http://www.wikidata.org/entity/Q2869396,Atlantic Grupa,Хорватия,1991,987082000,2023,euró,5274,2024,446258000,2024,euras
http://www.wikidata.org/entity/Q2869396,Atlantic Grupa,Хорватия,1991,987082000,2023,euró,5274,2024,446258000,2024,eiro
http://www.wikidata.org/entity/Q2869396,Atlantic Grupa,Хорватия,1991,987082000,2023,euró,5274,2024,446258000,2024,ewro
http://www.wikidata.org/entity/Q2869396,Atlantic Grupa,Хорватия,1991,987082000,2023,euró,5274,2024,446258000,2024,euro
http://www.wikidata.org/entity/Q2869396,Atlantic Grupa,Хорватия,1991,987082000,2023,euró,5274,2024,446258000,2024,euro
http://www.wikidata.org/entity/Q2869396,Atlantic Grupa,Хорватия,1991,987082000,2023,euró,5274,2024,446258000,2024,euro
http://www.wikidata.org/entity/Q2869396,Atlantic Grupa,Хорватия,1991,987082000,2023,euras,5274,2024,446258000,2024,euro
http://www.wikidata.org/entity/Q2869396,Atlantic Grupa,Хорватия,1991,987082000,2023,euras,5274,2024,446258000,2024,euro
http://www.wikidata.org/entity/Q2869396,Atlantic Grupa,Хорватия,1991,987082000,2023,euras,5274,2024,446258000,2024,euro
http://www.wikidata.org/entity/Q2869396,Atlantic Grupa,Хорватия,1991,987082000,2023,euras,5274,2024,446258000,2024,euro
http://www.wikidata.org/entity/Q2869396,Atlantic Grupa,Хорватия,1991,987082000,2023,euras,5274,2024,446258000,2024,Euro
http://www.wikidata.org/entity/Q2869396,Atlantic Grupa,Хорватия,1991,987082000,2023,euras,5274,2024,446258000,2024,euro
http://www.wikidata.org/entity/Q2869396,Atlantic Grupa,Хорватия,1991,987082000,2023,euras,5274,2024,446258000,2024,euro
http://www.wikidata.org/entity/Q2869396,Atlantic Grupa,Хорватия,1991,987082000,2023,euras,5274,2024,446258000,2024,euro
http://www.wikidata.org/entity/Q2869396,Atlantic Grupa,Хорватия,1991,987082000,2023,euras,5274,2024,446258000,2024,евро
http://www.wikidata.org/entity/Q2869396,Atlantic Grupa,Хорватия,1991,987082000,2023,euras,5274,2024,446258000,2024,ευρώ
http://www.wikidata.org/entity/Q2869396,Atlantic Grupa,Хорватия,1991,987082000,2023,euras,5274,2024,446258000,2024,euro
http://www.wikidata.org/entity/Q2869396,Atlantic Grupa,Хорватия,1991,987082000,2023,euras,5274,2024,446258000,2024,euro
http://www.wikidata.org/entity/Q2869396,Atlantic Grupa,Хорватия,1991,987082000,2023,euras,5274,2024,446258000,2024,euró
http://www.wikidata.org/entity/Q2869396,Atlantic Grupa,Хорватия,1991,987082000,2023,euras,5274,2024,446258000,2024,euras
http://www.wikidata.org/entity/Q2869396,Atlantic Grupa,Хорватия,1991,987082000,2023,euras,5274,2024,446258000,2024,eiro
http://www.wikidata.org/entity/Q2869396,Atlantic Grupa,Хорватия,1991,987082000,2023,euras,5274,2024,446258000,2024,ewro
http://www.wikidata.org/entity/Q2869396,Atlantic Grupa,Хорватия,1991,987082000,2023,euras,5274,2024,446258000,2024,euro
http://www.wikidata.org/entity/Q2869396,Atlantic Grupa,Хорватия,1991,987082000,2023,euras,5274,2024,446258000,2024,euro
http://www.wikidata.org/entity/Q2869396,Atlantic Grupa,Хорватия,1991,987082000,2023,euras,5274,2024,446258000,2024,euro
http://www.wikidata.org/entity/Q2869396,Atlantic Grupa,Хорватия,1991,987082000,2023,eiro,5274,2024,446258000,2024,euro
http://www.wikidata.org/entity/Q2869396,Atlantic Grupa,Хорватия,1991,987082000,2023,eiro,5274,2024,446258000,2024,euro
http://www.wikidata.org/entity/Q2869396,Atlantic Grupa,Хорватия,1991,987082000,2023,eiro,5274,2024,446258000,2024,euro
http://www.wikidata.org/entity/Q2869396,Atlantic Grupa,Хорватия,1991,987082000,2023,eiro,5274,2024,446258000,2024,euro
http://www.wikidata.org/entity/Q2869396,Atlantic Grupa,Хорватия,1991,987082000,2023,eiro,5274,2024,446258000,2024,Euro
http://www.wikidata.org/entity/Q2869396,Atlantic Grupa,Хорватия,1991,987082000,2023,eiro,5274,2024,446258000,2024,euro
http://www.wikidata.org/entity/Q2869396,Atlantic Grupa,Хорватия,1991,987082000,2023,eiro,5274,2024,446258000,2024,euro
http://www.wikidata.org/entity/Q2869396,Atlantic Grupa,Хорватия,1991,987082000,2023,eiro,5274,2024,446258000,2024,euro
http://www.wikidata.org/entity/Q2869396,Atlantic Grupa,Хорватия,1991,987082000,2023,eiro,5274,2024,446258000,2024,евро
http://www.wikidata.org/entity/Q2869396,Atlantic Grupa,Хорватия,1991,987082000,2023,eiro,5274,2024,446258000,2024,ευρώ
http://www.wikidata.org/entity/Q2869396,Atlantic Grupa,Хорватия,1991,987082000,2023,eiro,5274,2024,446258000,2024,euro
http://www.wikidata.org/entity/Q2869396,Atlantic Grupa,Хорватия,1991,987082000,2023,eiro,5274,2024,446258000,2024,euro
http://www.wikidata.org/entity/Q2869396,Atlantic Grupa,Хорватия,1991,987082000,2023,eiro,5274,2024,446258000,2024,euró
http://www.wikidata.org/entity/Q2869396,Atlantic Grupa,Хорватия,1991,987082000,2023,eiro,5274,2024,446258000,2024,euras
http://www.wikidata.org/entity/Q2869396,Atlantic Grupa,Хорватия,1991,987082000,2023,eiro,5274,2024,446258000,2024,eiro
http://www.wikidata.org/entity/Q2869396,Atlantic Grupa,Хорватия,1991,987082000,2023,eiro,5274,2024,446258000,2024,ewro
http://www.wikidata.org/entity/Q2869396,Atlantic Grupa,Хорватия,1991,987082000,2023,eiro,5274,2024,446258000,2024,euro
http://www.wikidata.org/entity/Q2869396,Atlantic Grupa,Хорватия,1991,987082000,2023,eiro,5274,2024,446258000,2024,euro
http://www.wikidata.org/entity/Q2869396,Atlantic Grupa,Хорватия,1991,987082000,2023,eiro,5274,2024,446258000,2024,euro
http://www.wikidata.org/entity/Q2869396,Atlantic Grupa,Хорватия,1991,987082000,2023,ewro,5274,2024,446258000,2024,euro
http://www.wikidata.org/entity/Q2869396,Atlantic Grupa,Хорватия,1991,987082000,2023,ewro,5274,2024,446258000,2024,euro
http://www.wikidata.org/entity/Q2869396,Atlantic Grupa,Хорватия,1991,987082000,2023,ewro,5274,2024,446258000,2024,euro
http://www.wikidata.org/entity/Q2869396,Atlantic Grupa,Хорватия,1991,987082000,2023,ewro,5274,2024,446258000,2024,euro
http://www.wikidata.org/entity/Q2869396,Atlantic Grupa,Хорватия,1991,987082000,2023,ewro,5274,2024,446258000,2024,Euro
http://www.wikidata.org/entity/Q2869396,Atlantic Grupa,Хорватия,1991,987082000,2023,ewro,5274,2024,446258000,2024,euro
http://www.wikidata.org/entity/Q2869396,Atlantic Grupa,Хорватия,1991,987082000,2023,ewro,5274,2024,446258000,2024,euro
http://www.wikidata.org/entity/Q2869396,Atlantic Grupa,Хорватия,1991,987082000,2023,ewro,5274,2024,446258000,2024,euro
http://www.wikidata.org/entity/Q2869396,Atlantic Grupa,Хорватия,1991,987082000,2023,ewro,5274,2024,446258000,2024,евро
http://www.wikidata.org/entity/Q2869396,Atlantic Grupa,Хорватия,1991,987082000,2023,ewro,5274,2024,446258000,2024,ευρώ
http://www.wikidata.org/entity/Q2869396,Atlantic Grupa,Хорватия,1991,987082000,2023,ewro,5274,2024,446258000,2024,euro
http://www.wikidata.org/entity/Q2869396,Atlantic Grupa,Хорватия,1991,987082000,2023,ewro,5274,2024,446258000,2024,euro
http://www.wikidata.org/entity/Q2869396,Atlantic Grupa,Хорватия,1991,987082000,2023,ewro,5274,2024,446258000,2024,euró
http://www.wikidata.org/entity/Q2869396,Atlantic Grupa,Хорватия,1991,987082000,2023,ewro,5274,2024,446258000,2024,euras
http://www.wikidata.org/entity/Q2869396,Atlantic Grupa,Хорватия,1991,987082000,2023,ewro,5274,2024,446258000,2024,eiro
http://www.wikidata.org/entity/Q17165535,BKI Foods,Дания,1960,940000000,2024,DKK,245,2024,,,
http://www.wikidata.org/entity/Q17165535,BKI Foods,Дания,1960,940000000,2024,DKK,245,2024,,,
http://www.wikidata.org/entity/Q576340,Maspex,Польша,1990,602000000,2018,euro,323,2018,,,
http://www.wikidata.org/entity/Q576340,Maspex,Польша,1990,602000000,2018,euro,323,2018,,,
http://www.wikidata.org/entity/Q576340,Maspex,Польша,1990,602000000,2018,euro,323,2018,,,
http://www.wikidata.org/entity/Q576340,Maspex,Польша,1990,602000000,2018,euro,323,2018,,,
http://www.wikidata.org/entity/Q576340,Maspex,Польша,1990,602000000,2018,Euro,323,2018,,,
http://www.wikidata.org/entity/Q576340,Maspex,Польша,1990,602000000,2018,euro,323,2018,,,
http://www.wikidata.org/entity/Q576340,Maspex,Польша,1990,602000000,2018,euro,323,2018,,,
http://www.wikidata.org/entity/Q576340,Maspex,Польша,1990,602000000,2018,euro,323,2018,,,
http://www.wikidata.org/entity/Q576340,Maspex,Польша,1990,602000000,2018,евро,323,2018,,,
http://www.wikidata.org/entity/Q576340,Maspex,Польша,1990,602000000,2018,ευρώ,323,2018,,,
http://www.wikidata.org/entity/Q576340,Maspex,Польша,1990,602000000,2018,euro,323,2018,,,
http://www.wikidata.org/entity/Q576340,Maspex,Польша,1990,602000000,2018,euro,323,2018,,,
http://www.wikidata.org/entity/Q576340,Maspex,Польша,1990,602000000,2018,euró,323,2018,,,
http://www.wikidata.org/entity/Q576340,Maspex,Польша,1990,602000000,2018,euras,323,2018,,,
http://www.wikidata.org/entity/Q576340,Maspex,Польша,1990,602000000,2018,eiro,323,2018,,,
http://www.wikidata.org/entity/Q576340,Maspex,Польша,1990,602000000,2018,ewro,323,2018,,,
http://www.wikidata.org/entity/Q576340,Maspex,Польша,1990,602000000,2018,euro,323,2018,,,
http://www.wikidata.org/entity/Q576340,Maspex,Польша,1990,602000000,2018,euro,323,2018,,,
http://www.wikidata.org/entity/Q576340,Maspex,Польша,1990,602000000,2018,euro,323,2018,,,
http://www.wikidata.org/entity/Q969999,illy,Италия,1933,568000000,2022,euro,1230,2022,,,
http://www.wikidata.org/entity/Q969999,illy,Италия,1933,568000000,2022,euro,1230,2022,,,
http://www.wikidata.org/entity/Q969999,illy,Италия,1933,568000000,2022,euro,1230,2022,,,
http://www.wikidata.org/entity/Q969999,illy,Италия,1933,568000000,2022,euro,1230,2022,,,
http://www.wikidata.org/entity/Q969999,illy,Италия,1933,568000000,2022,Euro,1230,2022,,,
http://www.wikidata.org/entity/Q969999,illy,Италия,1933,568000000,2022,euro,1230,2022,,,
http://www.wikidata.org/entity/Q969999,illy,Италия,1933,568000000,2022,euro,1230,2022,,,
http://www.wikidata.org/entity/Q969999,illy,Италия,1933,568000000,2022,euro,1230,2022,,,
http://www.wikidata.org/entity/Q969999,illy,Италия,1933,568000000,2022,евро,1230,2022,,,
http://www.wikidata.org/entity/Q969999,illy,Италия,1933,568000000,2022,ευρώ,1230,2022,,,
http://www.wikidata.org/entity/Q969999,illy,Италия,1933,568000000,2022,euro,1230,2022,,,
http://www.wikidata.org/entity/Q969999,illy,Италия,1933,568000000,2022,euro,1230,2022,,,
http://www.wikidata.org/entity/Q969999,illy,Италия,1933,568000000,2022,euró,1230,2022,,,
http://www.wikidata.org/entity/Q969999,illy,Италия,1933,568000000,2022,euras,1230,2022,,,
http://www.wikidata.org/entity/Q969999,illy,Италия,1933,568000000,2022,eiro,1230,2022,,,
http://www.wikidata.org/entity/Q969999,illy,Италия,1933,568000000,2022,ewro,1230,2022,,,
http://www.wikidata.org/entity/Q969999,illy,Италия,1933,568000000,2022,euro,1230,2022,,,
http://www.wikidata.org/entity/Q969999,illy,Италия,1933,568000000,2022,euro,1230,2022,,,
http://www.wikidata.org/entity/Q969999,illy,Италия,1933,568000000,2022,euro,1230,2022,,,
http://www.wikidata.org/entity/Q110835078,Devolli Corporation,Косово,1989,400000000,2021,euro,4200,2021,,,
http://www.wikidata.org/entity/Q110835078,Devolli Corporation,Косово,1989,400000000,2021,euro,4200,2021,,,
http://www.wikidata.org/entity/Q110835078,Devolli Corporation,Косово,1989,400000000,2021,euro,4200,2021,,,
http://www.wikidata.org/entity/Q110835078,Devolli Corporation,Косово,1989,400000000,2021,euro,4200,2021,,,
http://www.wikidata.org/entity/Q110835078,Devolli Corporation,Косово,1989,400000000,2021,Euro,4200,2021,,,
http://www.wikidata.org/entity/Q110835078,Devolli Corporation,Косово,1989,400000000,2021,euro,4200,2021,,,
http://www.wikidata.org/entity/Q110835078,Devolli Corporation,Косово,1989,400000000,2021,euro,4200,2021,,,
http://www.wikidata.org/entity/Q110835078,Devolli Corporation,Косово,1989,400000000,2021,euro,4200,2021,,,
http://www.wikidata.org/entity/Q110835078,Devolli Corporation,Косово,1989,400000000,2021,евро,4200,2021,,,
http://www.wikidata.org/entity/Q110835078,Devolli Corporation,Косово,1989,400000000,2021,ευρώ,4200,2021,,,
http://www.wikidata.org/entity/Q110835078,Devolli Corporation,Косово,1989,400000000,2021,euro,4200,2021,,,
http://www.wikidata.org/entity/Q110835078,Devolli Corporation,Косово,1989,400000000,2021,euro,4200,2021,,,
http://www.wikidata.org/entity/Q110835078,Devolli Corporation,Косово,1989,400000000,2021,euró,4200,2021,,,
http://www.wikidata.org/entity/Q110835078,Devolli Corporation,Косово,1989,400000000,2021,euras,4200,2021,,,
http://www.wikidata.org/entity/Q110835078,Devolli Corporation,Косово,1989,400000000,2021,eiro,4200,2021,,,
http://www.wikidata.org/entity/Q110835078,Devolli Corporation,Косово,1989,400000000,2021,ewro,4200,2021,,,
http://www.wikidata.org/entity/Q110835078,Devolli Corporation,Косово,1989,400000000,2021,euro,4200,2021,,,
http://www.wikidata.org/entity/Q110835078,Devolli Corporation,Косово,1989,400000000,2021,euro,4200,2021,,,
http://www.wikidata.org/entity/Q110835078,Devolli Corporation,Косово,1989,400000000,2021,euro,4200,2021,,,
http://www.wikidata.org/entity/Q46012677,Miko,Бельгия,1937,289800000,2023,euro,1400,2024,,,
http://www.wikidata.org/entity/Q46012677,Miko,Бельгия,1937,289800000,2023,euro,1400,2024,,,
http://www.wikidata.org/entity/Q46012677,Miko,Бельгия,1937,289800000,2023,euro,1400,2024,,,
http://www.wikidata.org/entity/Q46012677,Miko,Бельгия,1937,289800000,2023,euro,1400,2024,,,
http://www.wikidata.org/entity/Q46012677,Miko,Бельгия,1937,289800000,2023,Euro,1400,2024,,,
http://www.wikidata.org/entity/Q46012677,Miko,Бельгия,1937,289800000,2023,euro,1400,2024,,,
http://www.wikidata.org/entity/Q46012677,Miko,Бельгия,1937,289800000,2023,euro,1400,2024,,,
http://www.wikidata.org/entity/Q46012677,Miko,Бельгия,1937,289800000,2023,euro,1400,2024,,,
http://www.wikidata.org/entity/Q46012677,Miko,Бельгия,1937,289800000,2023,евро,1400,2024,,,
http://www.wikidata.org/entity/Q46012677,Miko,Бельгия,1937,289800000,2023,ευρώ,1400,2024,,,
http://www.wikidata.org/entity/Q46012677,Miko,Бельгия,1937,289800000,2023,euro,1400,2024,,,
http://www.wikidata.org/entity/Q46012677,Miko,Бельгия,1937,289800000,2023,euro,1400,2024,,,
http://www.wikidata.org/entity/Q46012677,Miko,Бельгия,1937,289800000,2023,euró,1400,2024,,,
http://www.wikidata.org/entity/Q46012677,Miko,Бельгия,1937,289800000,2023,euras,1400,2024,,,
http://www.wikidata.org/entity/Q46012677,Miko,Бельгия,1937,289800000,2023,eiro,1400,2024,,,
http://www.wikidata.org/entity/Q46012677,Miko,Бельгия,1937,289800000,2023,ewro,1400,2024,,,
http://www.wikidata.org/entity/Q46012677,Miko,Бельгия,1937,289800000,2023,euro,1400,2024,,,
http://www.wikidata.org/entity/Q46012677,Miko,Бельгия,1937,289800000,2023,euro,1400,2024,,,
http://www.wikidata.org/entity/Q46012677,Miko,Бельгия,1937,289800000,2023,euro,1400,2024,,,
http://www.wikidata.org/entity/Q16952021,Mikel Coffee Company,,2008,33439000,2014,euro,3000,2020,,,
http://www.wikidata.org/entity/Q16952021,Mikel Coffee Company,,2008,33439000,2014,euro,3000,2020,,,
http://www.wikidata.org/entity/Q16952021,Mikel Coffee Company,,2008,33439000,2014,euro,3000,2020,,,
http://www.wikidata.org/entity/Q16952021,Mikel Coffee Company,,2008,33439000,2014,euro,3000,2020,,,
http://www.wikidata.org/entity/Q16952021,Mikel Coffee Company,,2008,33439000,2014,Euro,3000,2020,,,
http://www.wikidata.org/entity/Q16952021,Mikel Coffee Company,,2008,33439000,2014,euro,3000,2020,,,
http://www.wikidata.org/entity/Q16952021,Mikel Coffee Company,,2008,33439000,2014,euro,3000,2020,,,
http://www.wikidata.org/entity/Q16952021,Mikel Coffee Company,,2008,33439000,2014,euro,3000,2020,,,
http://www.wikidata.org/entity/Q16952021,Mikel Coffee Company,,2008,33439000,2014,евро,3000,2020,,,
http://www.wikidata.org/entity/Q16952021,Mikel Coffee Company,,2008,33439000,2014,ευρώ,3000,2020,,,
http://www.wikidata.org/entity/Q16952021,Mikel Coffee Company,,2008,33439000,2014,euro,3000,2020,,,
http://www.wikidata.org/entity/Q16952021,Mikel Coffee Company,,2008,33439000,2014,euro,3000,2020,,,
http://www.wikidata.org/entity/Q16952021,Mikel Coffee Company,,2008,33439000,2014,euró,3000,2020,,,
http://www.wikidata.org/entity/Q16952021,Mikel Coffee Company,,2008,33439000,2014,euras,3000,2020,,,
http://www.wikidata.org/entity/Q16952021,Mikel Coffee Company,,2008,33439000,2014,eiro,3000,2020,,,
http://www.wikidata.org/entity/Q16952021,Mikel Coffee Company,,2008,33439000,2014,ewro,3000,2020,,,
http://www.wikidata.org/entity/Q16952021,Mikel Coffee Company,,2008,33439000,2014,euro,3000,2020,,,
http://www.wikidata.org/entity/Q16952021,Mikel Coffee Company,,2008,33439000,2014,euro,3000,2020,,,
http://www.wikidata.org/entity/Q16952021,Mikel Coffee Company,,2008,33439000,2014,euro,3000,2020,,,
http://www.wikidata.org/entity/Q131426654,Белкофе,Беларусь,1946,2033000,2023,rubl’u,49,2016,1609000,2023,rubl’u
http://www.wikidata.org/entity/Q175106,Тим Хортонс,Канада,1964,,,,,,,,
http://www.wikidata.org/entity/Q301301,Nespresso,Швейцария,1986,,,,,,,,
http://www.wikidata.org/entity/Q327751,Kraft Foods,США,2012,,,,22500,2015,,,
http://www.wikidata.org/entity/Q381188,AeroPress,,2005,,,,,,,,
http://www.wikidata.org/entity/Q608845,Costa Coffee,Великобритания,1971,,,,17809,2022,,,
http://www.wikidata.org/entity/Q670154,Julius Meinl,Австрия,1862,,,,,,,,
http://www.wikidata.org/entity/Q795575,Diedrich Coffee,,1972,,,,,,,,
http://www.wikidata.org/entity/Q847743,Dunkin’ Donuts,США,1950,,,,,,,,
http://www.wikidata.org/entity/Q862180,Second Cup,Канада,1975,,,,,,,,
http://www.wikidata.org/entity/Q896100,Gepa The Fair Trade Company,Германия,1975,,,,,,,,
http://www.wikidata.org/entity/Q1147545,френч-пресс,,1852,,,,,,,,
http://www.wikidata.org/entity/Q1185060,Ueshima Coffee Company,Япония,1933,,,,3668,,,,
http://www.wikidata.org/entity/Q1252809,Douwe Egberts,Нидерланды,1753,,,,7579,,,,
http://www.wikidata.org/entity/Q1502774,Massimo Zanetti Beverage Group,Италия,1973,,,,,,,,
http://www.wikidata.org/entity/Q1704731,Габет,,,,,,,,,,
http://www.wikidata.org/entity/Q2086676,Q2086676,Италия,1963,,,,,,,,
http://www.wikidata.org/entity/Q2182096,Katwijk,Суринам,1746,,,,,,,,
http://www.wikidata.org/entity/Q2183106,Zoelen (Commewijne),Суринам,,,,,,,,,
http://www.wikidata.org/entity/Q2202850,Röstfein,Германия,,,,,,,,,
http://www.wikidata.org/entity/Q2363097,кофеобжарочное производство,,,,,,,,,,
http://www.wikidata.org/entity/Q2637272,Wayne’s Coffee,Россия,1994,,,,,,,,
http://www.wikidata.org/entity/Q2637272,Wayne’s Coffee,Швеция,1994,,,,,,,,
http://www.wikidata.org/entity/Q2695932,Stumptown Coffee Roasters,США,1999,,,,,,,,
http://www.wikidata.org/entity/Q2915350,Осем,Израиль,1942,,,,,,,,
http://www.wikidata.org/entity/Q3058833,кафе,Бельгия,,,,,,,,,
http://www.wikidata.org/entity/Q3114287,McCafé,,1993,,,,,,,,
http://www.wikidata.org/entity/Q3138841,Van Nelle,Нидерланды,1782,,,,,,,,
http://www.wikidata.org/entity/Q3268492,Gevalia,Швеция,1853,,,,,,,,
http://www.wikidata.org/entity/Q3541983,Tully's Coffee,США,1992,,,,,,,,
http://www.wikidata.org/entity/Q3554415,Van Houtte,,1919,,,,,,,,
http://www.wikidata.org/entity/Q4051716,Traveler’s Coffee,,1997,,,,,,,,
http://www.wikidata.org/entity/Q4260444,J.CO Donuts,Индонезия,2005,,,,,,,,
http://www.wikidata.org/entity/Q4380233,Производство кофе на Филиппинах,Филиппины,,,,,,,,,
http://www.wikidata.org/entity/Q4795497,Aroma Café,Аргентина,1991,,,,,,,,
http://www.wikidata.org/entity/Q4795497,Aroma Café,Великобритания,1991,,,,,,,,
http://www.wikidata.org/entity/Q4926090,Blenz Coffee,,1992,,,,,,,,
http://www.wikidata.org/entity/Q4928917,Blue Bottle Coffee Company,США,2002,,,,,,,,
http://www.wikidata.org/entity/Q5017191,Caffè Pascucci,Италия,1883,,,,,,,,
http://www.wikidata.org/entity/Q5017193,Caffè Ritazza,Великобритания,,,,,,,,,
http://www.wikidata.org/entity/Q5017199,Caffé Vita Coffee Roasting Company,США,1995,,,,,,,,
http://www.wikidata.org/entity/Q5017235,Café Coffee Day,Индия,1996,,,,20135,2019,,,
http://www.wikidata.org/entity/Q5017260,Café Rico,США,1930,,,,,,,,
http://www.wikidata.org/entity/Q5017286,Cafédirect,Великобритания,1991,,,,,,,,
http://www.wikidata.org/entity/Q5121803,Circus Drive-In,США,1954,,,,,,,,
http://www.wikidata.org/entity/Q5140895,Coffee Beanery,США,1976,,,,,,,,
http://www.wikidata.org/entity/Q5140923,Coffee Republic,Великобритания,1995,,,,,,,,
http://www.wikidata.org/entity/Q5140932,Coffee Time,Канада,1982,,,,,,,,
http://www.wikidata.org/entity/Q5289995,Dôme,Филиппины,1990,,,,,,,,
http://www.wikidata.org/entity/Q5289995,Dôme,Объединённые Арабские Эмираты,1990,,,,,,,,
http://www.wikidata.org/entity/Q5289995,Dôme,Малайзия,1990,,,,,,,,
http://www.wikidata.org/entity/Q5289995,Dôme,Мальдивы,1990,,,,,,,,
http://www.wikidata.org/entity/Q5289995,Dôme,Австралия,1990,,,,,,,,
http://www.wikidata.org/entity/Q5289995,Dôme,Бахрейн,1990,,,,,,,,
http://www.wikidata.org/entity/Q5289995,Dôme,Сингапур,1990,,,,,,,,
http://www.wikidata.org/entity/Q5289995,Dôme,Индонезия,1990,,,,,,,,
http://www.wikidata.org/entity/Q5296921,Donut King,Австралия,1981,,,,,,,,
http://www.wikidata.org/entity/Q5384122,Equal Exchange,,1986,,,,,,,,
http://www.wikidata.org/entity/Q5384123,Equal Exchange Trading,Великобритания,,,,,,,,,
http://www.wikidata.org/entity/Q5459945,Flocafé,,1994,,,,,,,,
http://www.wikidata.org/entity/Q5612238,Grupo Nutresa,Колумбия,1920,,,,,,,,
http://www.wikidata.org/entity/Q5637114,Hacienda Buena Vista,США,1987,,,,,,,,
http://www.wikidata.org/entity/Q5862430,Shirin Asal Food Industrial Group,Иран,1990,,,,,,,,
http://www.wikidata.org/entity/Q5929076,Hudsons Coffee,,1998,,,,,,,,
http://www.wikidata.org/entity/Q6435806,Kraft Foods Banbury,Великобритания,,,,,,,,,
http://www.wikidata.org/entity/Q6485288,Кафе Ландвер (сеть кофеен),Израиль,1919,,,,,,,,
http://www.wikidata.org/entity/Q6850057,Miko Coffee,,1801,,,,,,,,
http://www.wikidata.org/entity/Q6885821,mmmuffins,,1979,,,,,,,,
http://www.wikidata.org/entity/Q6932113,Mugg & Bean,ЮАР,1996,,,,,,,,
http://www.wikidata.org/entity/Q7119454,PJ's Coffee,США,1978,,,,,,,,
http://www.wikidata.org/entity/Q7230543,Port City Java,США,1995,,,,,,,,
http://www.wikidata.org/entity/Q7374169,Royal Farms,США,,,,,,,,,
http://www.wikidata.org/entity/Q7392718,SPoT Coffee,Канада,1996,,,,,,,,
http://www.wikidata.org/entity/Q7726599,The Coffee Club,Австралия,1989,,,,,,,,
http://www.wikidata.org/entity/Q7735180,The Freaky Bean Coffee Company,,2005,,,,,,,,
http://www.wikidata.org/entity/Q7807011,Timothy's World Coffee,Канада,1975,,,,,,,,
http://www.wikidata.org/entity/Q7887616,United Coffee,,1818,,,,,,,,
http://www.wikidata.org/entity/Q7937293,Vittoria Coffee,Австралия,1947,,,,,,,,
http://www.wikidata.org/entity/Q7996831,Whittard of Chelsea,Великобритания,1886,,,,,,,,
http://www.wikidata.org/entity/Q10489162,Espresso House,Швеция,1996,,,,,,,,
http://www.wikidata.org/entity/Q12055615,Crazy Mocha Coffee Company,,2000,,,,,,,,
http://www.wikidata.org/entity/Q12302886,Baresso,Дания,1999,,,,,,,,
http://www.wikidata.org/entity/Q12326689,Q12326689,Дания,1956,,,,,,,,
http://www.wikidata.org/entity/Q12331633,Peter Larsens Kaffe,Дания,1902,,,,,,,,
http://www.wikidata.org/entity/Q12611298,Ediya Coffee,Республика Корея,2001,,,,,,,,
http://www.wikidata.org/entity/Q12810467,Kurukahveci Mehmet Efendi,Турция,1871,,,,,,,,
http://www.wikidata.org/entity/Q15951082,Русский продукт,,1996,,,,,,,,
http://www.wikidata.org/entity/Q16951700,Sumo Salad,Австралия,2003,,,,,,,,
http://www.wikidata.org/entity/Q16993987,Gaviña Gourmet Coffee,США,1870,,,,,,,,
http://www.wikidata.org/entity/Q16998937,La Prima Espresso Company,,,,,,,,,,
http://www.wikidata.org/entity/Q17000871,Dwinell-Wright Company,США,1845,,,,,,,,
http://www.wikidata.org/entity/Q17069332,Esquires,,1993,,,,,,,,
http://www.wikidata.org/entity/Q18148458,Farmer Brothers,США,1912,,,,,,,,
http://www.wikidata.org/entity/Q18166370,Pie Face,Австралия,2003,,,,,,,,
http://www.wikidata.org/entity/Q18208286,Bucking Bull,,1999,,,,,,,,
http://www.wikidata.org/entity/Q18477422,Companhia Agrícola e Pastoril d’Oeste de São Paulo,Бразилия,1912,,,,,,,,
http://www.wikidata.org/entity/Q18688965,Meira,Финляндия,1914,,,,,,,,
http://www.wikidata.org/entity/Q19608057,Brazilian Warrant Agency and Finance Co,Соединённое королевство Великобритании и Ирландии,1909,,,,,,,,
http://www.wikidata.org/entity/Q19608057,Brazilian Warrant Agency and Finance Co,Бразилия,1909,,,,,,,,
http://www.wikidata.org/entity/Q19608057,Brazilian Warrant Agency and Finance Co,Великобритания,1909,,,,,,,,
http://www.wikidata.org/entity/Q19903001,кофеварение,,,,,,,,,,
http://www.wikidata.org/entity/Q19960469,Q19960469,Германия,2007,,,,,,,,
http://www.wikidata.org/entity/Q23058374,Cafè Neo,,2012,,,,,,,,
http://www.wikidata.org/entity/Q23461663,La Colombe Coffee Roasters,США,1994,,,,,,,,
http://www.wikidata.org/entity/Q25303121,JDE Peet’s,Нидерланды,2015,,,,,,,,
http://www.wikidata.org/entity/Q27431294,Coffee Method,,,,,,,,,,
http://www.wikidata.org/entity/Q28229714,Gregorys Coffee,США,2006,,,,,,,,
http://www.wikidata.org/entity/Q30591352,Bo's Coffee,Филиппины,1996,,,,,,,,
http://www.wikidata.org/entity/Q30891188,Шоколадница,Россия,2000,,,,,,,,
http://www.wikidata.org/entity/Q55662627,Coffee Like,,2013,,,,,,,,
http://www.wikidata.org/entity/Q59115692,Hildesheim,Суринам,,,,,,,,,
http://www.wikidata.org/entity/Q60867333,Coffee Island,,1999,,,,,,,,
http://www.wikidata.org/entity/Q61804826,Wild Bean Cafe,,,,,,,,,,
http://www.wikidata.org/entity/Q64005031,Black Rifle Coffee Company,США,2014,,,,,,,,
http://www.wikidata.org/entity/Q64026737,Hacienda Lealtad,Пуэрто-Рико,,,,,,,,,
http://www.wikidata.org/entity/Q64026737,Hacienda Lealtad,США,,,,,,,,,
http://www.wikidata.org/entity/Q83437245,Bambu,США,,,,,,,,,
http://www.wikidata.org/entity/Q104530260,Tjiboeni-Tjipongpok Caoutchouc Maatschappij,Нидерланды,1910,,,,,,,,
http://www.wikidata.org/entity/Q104733666,"Sumatra Rubber Cultuur Maatschappij ""Serbadjadi""",Нидерланды,1909,,,,,,,,
http://www.wikidata.org/entity/Q104887237,"Rubber Cultuur Maatschappij ""Kendeng Lemboe""",Нидерланды,1909,,,,,,,,
http://www.wikidata.org/entity/Q104888250,Bandar Rubber Maatschappij,Нидерланды,1910,,,,,,,,
http://www.wikidata.org/entity/Q105064589,Cambuhy Coffee and Cotton Estates,Соединённое королевство Великобритании и Ирландии,1925,,,,,,,,
http://www.wikidata.org/entity/Q105064589,Cambuhy Coffee and Cotton Estates,Великобритания,1925,,,,,,,,
http://www.wikidata.org/entity/Q105080718,Amsterdam-Tapanoeli Rubber Cultur Maatschappij,Нидерланды,1910,,,,,,,,
http://www.wikidata.org/entity/Q105233535,Cultuur Maatschappij Pondok-Gedeh,Нидерланды,1832,,,,,,,,
http://www.wikidata.org/entity/Q105274801,Loumidis,,,,,,,,,,
http://www.wikidata.org/entity/Q105426875,British Rubber Estates of Java,Соединённое королевство Великобритании и Ирландии,1910,,,,,,,,
http://www.wikidata.org/entity/Q105477506,Insulinde Cultuur Syndicaat,Нидерланды,1910,,,,,,,,
http://www.wikidata.org/entity/Q105542987,Moluccan Trade Company,Нидерланды,1881,,,,,,,,
http://www.wikidata.org/entity/Q105714225,dr.cafe Coffee,Саудовская Аравия,,,,,,,,,
http://www.wikidata.org/entity/Q106290996,Bajoe Kidoel Rubber & Produce Co.,Соединённое королевство Великобритании и Ирландии,1911,,,,,,,,
http://www.wikidata.org/entity/Q106494090,Deli-Batavia Rubber Maatschappij,Нидерланды,1910,,,,,,,,
http://www.wikidata.org/entity/Q106608890,Alpha Coffee,США,2010,,,,,,,,
http://www.wikidata.org/entity/Q106838103,Djember Rubber Estates,Великобритания,1910,,,,,,,,
http://www.wikidata.org/entity/Q107151170,Kolls,Германия,1962,,,,,,,,
http://www.wikidata.org/entity/Q112861795,Tanoak seed,,,,,,,,,,
http://www.wikidata.org/entity/Q113059957,Mel-O-Cream Donuts,США,1932,,,,,,,,
http://www.wikidata.org/entity/Q116766725,Central American Plantations Corporation,США,1921,,,,,,,,
http://www.wikidata.org/entity/Q118489697,El Chaná,Уругвай,1899,,,,,,,,
http://www.wikidata.org/entity/Q120997937,Compose Coffee,Республика Корея,2014,,,,,,,,
http://www.wikidata.org/entity/Q121072061,Barn's,Саудовская Аравия,1992,,,,,,,,
http://www.wikidata.org/entity/Q122764967,Santos Palace,Бельгия,1911,,,,,,,,
http://www.wikidata.org/entity/Q126489285,Pickup Coffee,,2022,,,,,,,,
http://www.wikidata.org/entity/Q129256375,Fresh Corner,,,,,,,,,,
http://www.wikidata.org/entity/Q130334843,Delikana,Чехия,,,,,,,,,
http://www.wikidata.org/entity/Q130868061,Stop Cafe,,,,,,,,,,
http://www.wikidata.org/entity/Q131936188,Retrograde Wrexham,Великобритания,,,,,,,,,
http://www.wikidata.org/entity/Q132291927,Fleur de Café,Нидерланды,2007,,,,18,2024,,,
http://www.wikidata.org/entity/Q135728368,Saquella,Италия,1856,,,,,,,,
http://www.wikidata.org/entity/Q136734522,La Donuteria,Словакия,,,,,,,,,
http://www.wikidata.org/entity/Q136735524,Caffé Trieste,Словакия,2008,,,,,,,,
http://www.wikidata.org/entity/Q137293468,Dreamers Coffee Roasters,Китайская Республика (Тайвань),2019,,,,,,,,
http://www.wikidata.org/entity/Q137293570,Miacucina,Китайская Республика (Тайвань),2012,,,,,,,,
http://www.wikidata.org/entity/Q137293809,PRESERVE,Китайская Республика (Тайвань),2022,,,,,,,,
http://www.wikidata.org/entity/Q137533120,Happy Farmer,,,,,,,,,,
http://www.wikidata.org/entity/Q137888394,Miopane USA,США,,,,,,,,,
