company,companyLabel,productTypeLabel,countryLabel,hqLabel,hqCoord,foundingYearShort
http://www.wikidata.org/entity/Q83164,Британская Ост-Индская компания,чай,Соединённое королевство Великобритании и Ирландии,Лондон,Point(-0.1275 51.507222222),1600
http://www.wikidata.org/entity/Q83164,Британская Ост-Индская компания,чай,Соединённое королевство Великобритании и Ирландии,Лондон,Point(-0.1275 51.507222222),1600
http://www.wikidata.org/entity/Q175106,Тим Хортонс,кофе,Канада,Оквилл,Point(-79.683333333 43.45),1964
http://www.wikidata.org/entity/Q301301,Nespresso,кофе,Швейцария,Лозанна,Point(6.633333333 46.533333333),1986
http://www.wikidata.org/entity/Q327751,Kraft Foods,кофе,США,Нортфилд,Point(-87.766666666 42.1),2012
http://www.wikidata.org/entity/Q329426,Danone,кофе,Испания,Париж,Point(2.352222222 48.856666666),1919
http://www.wikidata.org/entity/Q329426,Danone,кофе,Испания,Париж,Point(2.307222 48.875),1919
http://www.wikidata.org/entity/Q361836,Yogi Tea,чай,США,Спрингфилд,Point(-123.021944444 44.046111111),1984
http://www.wikidata.org/entity/Q381188,AeroPress,кофе,,,,2005
http://www.wikidata.org/entity/Q543750,Lavazza,кофе,Италия,Турин,Point(7.676111111 45.079166666),1895
http://www.wikidata.org/entity/Q564213,Tchibo,кофе,Германия,Гамбург,Point(10.0 53.55),1949
http://www.wikidata.org/entity/Q576340,Maspex,кофе,Польша,Вадовице,Point(19.516666666 49.9),1990
http://www.wikidata.org/entity/Q576340,Maspex,чай,Польша,Вадовице,Point(19.516666666 49.9),1990
http://www.wikidata.org/entity/Q608845,Costa Coffee,кофе,Великобритания,Данстейбл,Point(-0.52102 51.886),1971
http://www.wikidata.org/entity/Q670154,Julius Meinl,кофе,Австрия,Вена,Point(16.3725 48.208333333),1862
http://www.wikidata.org/entity/Q700040,Остендская компания,чай,Австрийские Нидерланды,Антверпен,Point(4.399722222 51.221111111),1722
http://www.wikidata.org/entity/Q766351,Tazo,чай,США,Портленд,Point(-122.666666666 45.516666666),1994
http://www.wikidata.org/entity/Q795386,Teavana,чай,США,Атланта,Point(-84.389722222 33.754444444),1997
http://www.wikidata.org/entity/Q795575,Diedrich Coffee,кофе,,Ирвайн,Point(-117.7925 33.684166666),1972
http://www.wikidata.org/entity/Q847743,Dunkin’ Donuts,кофе,США,Кантон,Point(-71.145277777 42.158333333),1950
http://www.wikidata.org/entity/Q847743,Dunkin’ Donuts,кофе,США,Куинси,Point(-71.0 42.25),1950
http://www.wikidata.org/entity/Q862180,Second Cup,кофе,Канада,Миссиссога,Point(-79.65 43.6),1975
http://www.wikidata.org/entity/Q874407,Lipton,чай,Великобритания,Глазго,Point(-4.25 55.861111111),1890
http://www.wikidata.org/entity/Q874407,Lipton,чай,Соединённое королевство Великобритании и Ирландии,Глазго,Point(-4.25 55.861111111),1890
http://www.wikidata.org/entity/Q896100,Gepa The Fair Trade Company,кофе,Германия,Вупперталь,Point(7.073055555 51.248055555),1975
http://www.wikidata.org/entity/Q913864,Mariage Frères,чай,Франция,Париж,Point(2.352222222 48.856666666),1854
http://www.wikidata.org/entity/Q944186,Kusmi Tea,чай,Франция,Санкт-Петербург,Point(30.316666666 59.95),1867
http://www.wikidata.org/entity/Q944186,Kusmi Tea,чай,Франция,Париж,Point(2.352222222 48.856666666),1867
http://www.wikidata.org/entity/Q969999,illy,кофе,Италия,Триест,Point(13.770277777 45.650277777),1933
http://www.wikidata.org/entity/Q1020913,Bünting-Gruppe,чай,Германия,Лер,Point(7.45068889 53.22963889),1806
http://www.wikidata.org/entity/Q1054692,Twinings,чай,Великобритания,Андовер,Point(-1.4667 51.2167),1706
http://www.wikidata.org/entity/Q1147545,френч-пресс,кофе,,,,1852
http://www.wikidata.org/entity/Q1147545,френч-пресс,чай,,,,1852
http://www.wikidata.org/entity/Q1185060,Ueshima Coffee Company,кофе,Япония,Minatojima Nakamachi,,1933
http://www.wikidata.org/entity/Q1252809,Douwe Egberts,кофе,Нидерланды,Яуре,Point(5.8 52.965),1753
http://www.wikidata.org/entity/Q1252809,Douwe Egberts,кофе,Нидерланды,Амстердам,Point(4.883333333 52.366666666),1753
http://www.wikidata.org/entity/Q1252809,Douwe Egberts,чай,Нидерланды,Яуре,Point(5.8 52.965),1753
http://www.wikidata.org/entity/Q1252809,Douwe Egberts,чай,Нидерланды,Амстердам,Point(4.883333333 52.366666666),1753
http://www.wikidata.org/entity/Q1502774,Massimo Zanetti Beverage Group,кофе,Италия,Болонья,Point(11.342777777 44.493888888),1973
http://www.wikidata.org/entity/Q2044120,PG Tips,чай,,,,1930
http://www.wikidata.org/entity/Q2086676,Q2086676,кофе,Италия,Мелито-ди-Наполи,Point(14.233333333 40.916666666),1963
http://www.wikidata.org/entity/Q2182096,Katwijk,кофе,Суринам,,,1746
http://www.wikidata.org/entity/Q2425276,Tetley,чай,Великобритания,,,1837
http://www.wikidata.org/entity/Q2637272,Wayne’s Coffee,кофе,Швеция,Стокгольм,Point(18.068611111 59.329444444),1994
http://www.wikidata.org/entity/Q2637272,Wayne’s Coffee,кофе,Россия,Стокгольм,Point(18.068611111 59.329444444),1994
http://www.wikidata.org/entity/Q2695932,Stumptown Coffee Roasters,кофе,США,Портленд,Point(-122.666666666 45.516666666),1999
http://www.wikidata.org/entity/Q2869396,Atlantic Grupa,кофе,Хорватия,Загреб,Point(15.977222222 45.813055555),1991
http://www.wikidata.org/entity/Q2915350,Осем,кофе,Израиль,Шохам,Point(34.942777777 31.996666666),1942
http://www.wikidata.org/entity/Q3019129,DavidsTea,чай,Канада,Монреаль,Point(-73.5868411 45.5033426),2008
http://www.wikidata.org/entity/Q3079325,Ито Эн,чай,Япония,Токио,Point(139.691666666 35.689444444),1966
http://www.wikidata.org/entity/Q3114287,McCafé,кофе,,Ок-Брук,Point(-87.92895 41.83281),1993
http://www.wikidata.org/entity/Q3138841,Van Nelle,кофе,Нидерланды,Роттердам,Point(4.48 51.92),1782
http://www.wikidata.org/entity/Q3138841,Van Nelle,чай,Нидерланды,Роттердам,Point(4.48 51.92),1782
http://www.wikidata.org/entity/Q3268492,Gevalia,кофе,Швеция,Евле,Point(17.144388888 60.674833333),1853
http://www.wikidata.org/entity/Q3541983,Tully's Coffee,кофе,США,Сиэтл,Point(-122.33 47.605),1992
http://www.wikidata.org/entity/Q3554415,Van Houtte,кофе,,Монреаль,Point(-73.5868411 45.5033426),1919
http://www.wikidata.org/entity/Q4033598,Ahmad Tea,чай,,Великобритания,Point(-2.0 54.6),1986
http://www.wikidata.org/entity/Q4051716,Traveler’s Coffee,кофе,,Новосибирск,Point(82.916666666 55.033333333),1997
http://www.wikidata.org/entity/Q4051716,Traveler’s Coffee,кофе,,Россия,Point(94.25 66.416666666),1997
http://www.wikidata.org/entity/Q4051716,Traveler’s Coffee,чай,,Новосибирск,Point(82.916666666 55.033333333),1997
http://www.wikidata.org/entity/Q4051716,Traveler’s Coffee,чай,,Россия,Point(94.25 66.416666666),1997
http://www.wikidata.org/entity/Q4260444,J.CO Donuts,кофе,Индонезия,Джакарта,Point(106.826944444 -6.175277777),2005
http://www.wikidata.org/entity/Q4795497,Aroma Café,кофе,Великобритания,Буэнос-Айрес,Point(-58.381944444 -34.599722222),1991
http://www.wikidata.org/entity/Q4795497,Aroma Café,кофе,Аргентина,Буэнос-Айрес,Point(-58.381944444 -34.599722222),1991
http://www.wikidata.org/entity/Q4906821,Bigelow Tea Company,чай,,Фэрфилд,Point(-73.271944444 41.175833333),1945
http://www.wikidata.org/entity/Q4926090,Blenz Coffee,кофе,,Ванкувер,Point(-123.113888888 49.260833333),1992
http://www.wikidata.org/entity/Q4928917,Blue Bottle Coffee Company,кофе,США,Окленд,Point(-122.25 37.8),2002
http://www.wikidata.org/entity/Q5017191,Caffè Pascucci,кофе,Италия,,,1883
http://www.wikidata.org/entity/Q5017199,Caffé Vita Coffee Roasting Company,кофе,США,Сиэтл,Point(-122.319019444 47.614002777),1995
http://www.wikidata.org/entity/Q5017235,Café Coffee Day,кофе,Индия,Бангалор,Point(77.5912997 12.9791198),1996
http://www.wikidata.org/entity/Q5017235,Café Coffee Day,чай,Индия,Бангалор,Point(77.5912997 12.9791198),1996
http://www.wikidata.org/entity/Q5017260,Café Rico,кофе,США,Понсе,Point(-66.60063983 18.00867983),1930
http://www.wikidata.org/entity/Q5017286,Cafédirect,кофе,Великобритания,Лондон,Point(-0.1275 51.507222222),1991
http://www.wikidata.org/entity/Q5121803,Circus Drive-In,кофе,США,Wall Township,Point(-74.05222 40.1616),1954
http://www.wikidata.org/entity/Q5121803,Circus Drive-In,чай,США,Wall Township,Point(-74.05222 40.1616),1954
http://www.wikidata.org/entity/Q5140895,Coffee Beanery,кофе,США,Флашинг,Point(-83.851111111 43.063055555),1976
http://www.wikidata.org/entity/Q5140923,Coffee Republic,кофе,Великобритания,Лондон,Point(-0.1275 51.507222222),1995
http://www.wikidata.org/entity/Q5140932,Coffee Time,кофе,Канада,Торонто,Point(-79.386666666 43.670277777),1982
http://www.wikidata.org/entity/Q5288031,Dodwell & Co.,чай,,Шанхай,Point(121.469166666 31.2325),1891
http://www.wikidata.org/entity/Q5289995,Dôme,кофе,Индонезия,Maylands,Point(115.899 -31.931),1990
http://www.wikidata.org/entity/Q5289995,Dôme,кофе,Сингапур,Maylands,Point(115.899 -31.931),1990
http://www.wikidata.org/entity/Q5289995,Dôme,кофе,Бахрейн,Maylands,Point(115.899 -31.931),1990
http://www.wikidata.org/entity/Q5289995,Dôme,кофе,Австралия,Maylands,Point(115.899 -31.931),1990
http://www.wikidata.org/entity/Q5289995,Dôme,кофе,Мальдивы,Maylands,Point(115.899 -31.931),1990
http://www.wikidata.org/entity/Q5289995,Dôme,кофе,Малайзия,Maylands,Point(115.899 -31.931),1990
http://www.wikidata.org/entity/Q5289995,Dôme,кофе,Объединённые Арабские Эмираты,Maylands,Point(115.899 -31.931),1990
http://www.wikidata.org/entity/Q5289995,Dôme,кофе,Филиппины,Maylands,Point(115.899 -31.931),1990
http://www.wikidata.org/entity/Q5296921,Donut King,кофе,Австралия,Голд-Кост,Point(153.4 -28.016666666),1981
http://www.wikidata.org/entity/Q5384122,Equal Exchange,кофе,,Уэст-Бриджуотер,Point(-71.00782 42.01899),1986
http://www.wikidata.org/entity/Q5384122,Equal Exchange,кофе,,Уэст-Бриджуотер,Point(-71.008333333 42.018888888),1986
http://www.wikidata.org/entity/Q5459945,Flocafé,кофе,,Афины,Point(23.728055555 37.984166666),1994
http://www.wikidata.org/entity/Q5581670,Gong Cha,чай,Китайская Республика (Тайвань),,,2006
http://www.wikidata.org/entity/Q5582544,Good Earth Tea,чай,США,Санта-Круз,Point(-122.026252 36.97205),1972
http://www.wikidata.org/entity/Q5612238,Grupo Nutresa,кофе,Колумбия,Медельин,Point(-75.5675845 6.250200154),1920
http://www.wikidata.org/entity/Q5637114,Hacienda Buena Vista,кофе,США,,,1987
http://www.wikidata.org/entity/Q5862430,Shirin Asal Food Industrial Group,кофе,Иран,Тебриз,Point(46.296111111 38.073888888),1990
http://www.wikidata.org/entity/Q5929076,Hudsons Coffee,кофе,,,,1998
http://www.wikidata.org/entity/Q6021512,Çaykur,чай,Турция,Ризе,Point(40.530555555 41.025277777),1983
http://www.wikidata.org/entity/Q6350154,Kalahari Tea,чай,,Атланта,Point(-84.389722222 33.754444444),1999
http://www.wikidata.org/entity/Q6485288,Кафе Ландвер (сеть кофеен),кофе,Израиль,Холон,Point(34.766666666 32.016666666),1919
http://www.wikidata.org/entity/Q7602918,Stash Tea Company,чай,США,Тайгард,Point(-122.743611111 45.405),1972
http://www.wikidata.org/entity/Q7691065,Tea Forté,чай,,Конкорд,Point(-71.349444444 42.460277777),2003
http://www.wikidata.org/entity/Q7726599,The Coffee Club,кофе,Австралия,West End,Point(153.0122 -27.4802),1989
http://www.wikidata.org/entity/Q7735180,The Freaky Bean Coffee Company,кофе,,Уэстбрук,Point(-70.357222222 43.685277777),2005
http://www.wikidata.org/entity/Q7807011,Timothy's World Coffee,кофе,Канада,Торонто,Point(-79.386666666 43.670277777),1975
http://www.wikidata.org/entity/Q7887616,United Coffee,кофе,,Женева,Point(6.15 46.2),1818
http://www.wikidata.org/entity/Q7937293,Vittoria Coffee,кофе,Австралия,Сидней,Point(151.21 -33.867777777),1947
http://www.wikidata.org/entity/Q7996831,Whittard of Chelsea,кофе,Великобритания,Уитни,Point(-1.49 51.78),1886
http://www.wikidata.org/entity/Q9322755,Rosamonte,чай,Аргентина,Apóstoles,Point(-55.766666666 -27.916666666),1936
http://www.wikidata.org/entity/Q10489162,Espresso House,кофе,Швеция,Стокгольм,Point(18.068611111 59.329444444),1996
http://www.wikidata.org/entity/Q10939065,TenRen's Tea,чай,,Тайбэй,Point(121.5625 25.0375),1953
http://www.wikidata.org/entity/Q12055615,Crazy Mocha Coffee Company,кофе,,,,2000
http://www.wikidata.org/entity/Q12058335,Jemča,чай,Чехия,Йемнице,Point(15.5791667 49.0167611),1974
http://www.wikidata.org/entity/Q12302886,Baresso,кофе,Дания,Копенгаген,Point(12.568888888 55.676111111),1999
http://www.wikidata.org/entity/Q12302886,Baresso,чай,Дания,Копенгаген,Point(12.568888888 55.676111111),1999
http://www.wikidata.org/entity/Q12326689,Q12326689,кофе,Дания,Коллинг,Point(9.472222222 55.490833333),1956
http://www.wikidata.org/entity/Q12331633,Peter Larsens Kaffe,кофе,Дания,Виборг,Point(9.378333333 56.449444444),1902
http://www.wikidata.org/entity/Q12611298,Ediya Coffee,кофе,Республика Корея,Сеул,Point(126.99 37.56),2001
http://www.wikidata.org/entity/Q12611298,Ediya Coffee,чай,Республика Корея,Сеул,Point(126.99 37.56),2001
http://www.wikidata.org/entity/Q12810467,Kurukahveci Mehmet Efendi,кофе,Турция,Стамбул,Point(28.960277777 41.01),1871
http://www.wikidata.org/entity/Q15951082,Русский продукт,кофе,,Москва,Point(37.6175 55.750555555),1996
http://www.wikidata.org/entity/Q16908964,T K Group of Industries,чай,,Читтагонг,Point(91.8325 22.335),1972
http://www.wikidata.org/entity/Q16951700,Sumo Salad,кофе,Австралия,Сидней,Point(151.21 -33.867777777),2003
http://www.wikidata.org/entity/Q16952021,Mikel Coffee Company,кофе,,Лариса,Point(22.413061 39.638493),2008
http://www.wikidata.org/entity/Q16966589,TWG Tea,чай,Сингапур,Сингапур,Point(103.8 1.3),2008
http://www.wikidata.org/entity/Q16993987,Gaviña Gourmet Coffee,кофе,США,Вернон,Point(-118.211111111 34.001111111),1870
http://www.wikidata.org/entity/Q17000871,Dwinell-Wright Company,кофе,США,Бостон,Point(-71.057777777 42.360277777),1845
http://www.wikidata.org/entity/Q17059517,Yorkshire Tea,чай,Великобритания,,,1886
http://www.wikidata.org/entity/Q17069332,Esquires,кофе,,Ванкувер,Point(-123.113888888 49.260833333),1993
http://www.wikidata.org/entity/Q17087777,Two Leaves Tea Company,чай,США,Basalt,Point(-107.038 39.3683),2005
http://www.wikidata.org/entity/Q17119335,Upton Tea Imports,чай,,Холлистон,Point(-71.425 42.2),1989
http://www.wikidata.org/entity/Q17165535,BKI Foods,кофе,Дания,Højbjerg,Point(10.2 56.116666666),1960
http://www.wikidata.org/entity/Q17165535,BKI Foods,чай,Дания,Højbjerg,Point(10.2 56.116666666),1960
http://www.wikidata.org/entity/Q18148458,Farmer Brothers,кофе,США,Northlake,Point(-97.2531 33.0825),1912
http://www.wikidata.org/entity/Q18161207,Джок Уиллис Шиппинг Лайн,чай,,Лондон,Point(-0.1275 51.507222222),1830
http://www.wikidata.org/entity/Q18166370,Pie Face,кофе,Австралия,,,2003
http://www.wikidata.org/entity/Q18208286,Bucking Bull,кофе,,Сидней,Point(151.21 -33.867777777),1999
http://www.wikidata.org/entity/Q18477422,Companhia Agrícola e Pastoril d’Oeste de São Paulo,кофе,Бразилия,Матан,Point(-48.365833333 -21.603333333),1912
http://www.wikidata.org/entity/Q18688965,Meira,кофе,Финляндия,Хельсинки,Point(24.9375 60.170833333),1914
http://www.wikidata.org/entity/Q19608057,Brazilian Warrant Agency and Finance Co,кофе,Великобритания,Лондон,Point(-0.1275 51.507222222),1909
http://www.wikidata.org/entity/Q19608057,Brazilian Warrant Agency and Finance Co,кофе,Бразилия,Лондон,Point(-0.1275 51.507222222),1909
http://www.wikidata.org/entity/Q19608057,Brazilian Warrant Agency and Finance Co,кофе,Соединённое королевство Великобритании и Ирландии,Лондон,Point(-0.1275 51.507222222),1909
http://www.wikidata.org/entity/Q19872246,American Tea Room,чай,,Лос-Анджелес,Point(-118.24368 34.05223),2003
http://www.wikidata.org/entity/Q19960469,Q19960469,кофе,Германия,,,2007
http://www.wikidata.org/entity/Q20053402,Coca Cola Brasil,чай,Бразилия,Рио-де-Жанейро,Point(-43.205555555 -22.911111111),1942
http://www.wikidata.org/entity/Q20749102,Akbar Tea,чай,,Шри-Ланка,Point(81.0 7.0),1969
http://www.wikidata.org/entity/Q23058374,Cafè Neo,кофе,,Лагос,Point(3.393611111 6.456111111),2012
http://www.wikidata.org/entity/Q23461663,La Colombe Coffee Roasters,кофе,США,Филадельфия,Point(-75.163611111 39.952777777),1994
http://www.wikidata.org/entity/Q24934990,Mlesna,чай,,Коломбо,Point(79.860555555 6.926666666),1983
http://www.wikidata.org/entity/Q24945529,Heladiv,чай,,Коломбо,Point(79.860555555 6.926666666),1990
http://www.wikidata.org/entity/Q25021306,Maya Tea Company,чай,,Тусон,Point(-110.926388888 32.221666666),1996
http://www.wikidata.org/entity/Q25303121,JDE Peet’s,кофе,Нидерланды,Амстердам,Point(4.876635 52.375368),2015
http://www.wikidata.org/entity/Q28229714,Gregorys Coffee,кофе,США,Нью-Йорк,Point(-74.006111111 40.712777777),2006
http://www.wikidata.org/entity/Q30591352,Bo's Coffee,кофе,Филиппины,Себу,Point(123.902 10.293),1996
http://www.wikidata.org/entity/Q30740477,Scop TI,чай,Франция,Жеменос,Point(5.626944444 43.296111111),2014
http://www.wikidata.org/entity/Q30891188,Шоколадница,кофе,Россия,Москва,Point(37.6175 55.750555555),2000
http://www.wikidata.org/entity/Q46012677,Miko,кофе,Бельгия,Тюрнхаут,Point(4.933333333 51.316666666),1937
http://www.wikidata.org/entity/Q48928838,Q48928838,чай,Китай,Сучжоу,Point(120.619444444 31.3),1899
http://www.wikidata.org/entity/Q55662627,Coffee Like,кофе,,Ижевск,Point(53.216666666 56.85),2013
http://www.wikidata.org/entity/Q60769840,Society Tea,чай,Индия,Мумбаи,Point(72.8775 19.075833333),1933
http://www.wikidata.org/entity/Q60867333,Coffee Island,кофе,,,,1999
http://www.wikidata.org/entity/Q64005031,Black Rifle Coffee Company,кофе,США,Солт-Лейк-Сити,Point(-111.883333333 40.75),2014
http://www.wikidata.org/entity/Q65154379,Dille & Kamille,чай,Нидерланды,Утрехт,Point(5.12222 52.09083),1974
http://www.wikidata.org/entity/Q93561941,Tuvunu,чай,Греция,,,2012
http://www.wikidata.org/entity/Q101249024,Q101249024,чай,Бельгия,Лион,Point(4.835 45.7675),1990
http://www.wikidata.org/entity/Q101249024,Q101249024,чай,Франция,Лион,Point(4.835 45.7675),1990
http://www.wikidata.org/entity/Q104530260,Tjiboeni-Tjipongpok Caoutchouc Maatschappij,кофе,Нидерланды,Амстердам,Point(4.883333333 52.366666666),1910
http://www.wikidata.org/entity/Q104530260,Tjiboeni-Tjipongpok Caoutchouc Maatschappij,чай,Нидерланды,Амстердам,Point(4.883333333 52.366666666),1910
http://www.wikidata.org/entity/Q104733666,"Sumatra Rubber Cultuur Maatschappij ""Serbadjadi""",кофе,Нидерланды,Амстердам,Point(4.883333333 52.366666666),1909
http://www.wikidata.org/entity/Q104887237,"Rubber Cultuur Maatschappij ""Kendeng Lemboe""",кофе,Нидерланды,Амстердам,Point(4.883333333 52.366666666),1909
http://www.wikidata.org/entity/Q104888250,Bandar Rubber Maatschappij,кофе,Нидерланды,Амстердам,Point(4.883333333 52.366666666),1910
http://www.wikidata.org/entity/Q105064589,Cambuhy Coffee and Cotton Estates,кофе,Великобритания,Лондон,Point(-0.1275 51.507222222),1925
http://www.wikidata.org/entity/Q105064589,Cambuhy Coffee and Cotton Estates,кофе,Соединённое королевство Великобритании и Ирландии,Лондон,Point(-0.1275 51.507222222),1925
http://www.wikidata.org/entity/Q105071259,Ceylon Tea Plantations,чай,Великобритания,Лондон,Point(-0.1275 51.507222222),1886
http://www.wikidata.org/entity/Q105071259,Ceylon Tea Plantations,чай,Соединённое королевство Великобритании и Ирландии,Лондон,Point(-0.1275 51.507222222),1886
http://www.wikidata.org/entity/Q105080718,Amsterdam-Tapanoeli Rubber Cultur Maatschappij,кофе,Нидерланды,Амстердам,Point(4.883333333 52.366666666),1910
http://www.wikidata.org/entity/Q105233535,Cultuur Maatschappij Pondok-Gedeh,кофе,Нидерланды,Гаага,Point(4.31 52.08),1832
http://www.wikidata.org/entity/Q105233535,Cultuur Maatschappij Pondok-Gedeh,чай,Нидерланды,Гаага,Point(4.31 52.08),1832
http://www.wikidata.org/entity/Q105296791,Dutch East Indian Agricultural Company,чай,Нидерланды,Амстердам,Point(4.883333333 52.366666666),1884
http://www.wikidata.org/entity/Q105426875,British Rubber Estates of Java,кофе,Соединённое королевство Великобритании и Ирландии,Лондон,Point(-0.1275 51.507222222),1910
http://www.wikidata.org/entity/Q105426875,British Rubber Estates of Java,чай,Соединённое королевство Великобритании и Ирландии,Лондон,Point(-0.1275 51.507222222),1910
http://www.wikidata.org/entity/Q105477506,Insulinde Cultuur Syndicaat,кофе,Нидерланды,Амстердам,Point(4.883333333 52.366666666),1910
http://www.wikidata.org/entity/Q105477506,Insulinde Cultuur Syndicaat,чай,Нидерланды,Амстердам,Point(4.883333333 52.366666666),1910
http://www.wikidata.org/entity/Q105542987,Moluccan Trade Company,кофе,Нидерланды,Амстердам,Point(4.883333333 52.366666666),1881
http://www.wikidata.org/entity/Q106290996,Bajoe Kidoel Rubber & Produce Co.,кофе,Соединённое королевство Великобритании и Ирландии,Лондон,Point(-0.1275 51.507222222),1911
http://www.wikidata.org/entity/Q106291172,Harrisons & Crosfield,чай,Великобритания,Лондон,Point(-0.1275 51.507222222),1844
http://www.wikidata.org/entity/Q106291172,Harrisons & Crosfield,чай,Соединённое королевство Великобритании и Ирландии,Лондон,Point(-0.1275 51.507222222),1844
http://www.wikidata.org/entity/Q106360262,Nerada Tea,чай,,Квинсленд,Point(143.0 -20.0),1882
http://www.wikidata.org/entity/Q106494090,Deli-Batavia Rubber Maatschappij,кофе,Нидерланды,Амстердам,Point(4.883333333 52.366666666),1910
http://www.wikidata.org/entity/Q106608890,Alpha Coffee,кофе,США,Cottonwood Heights,Point(-111.79217 40.61902),2010
http://www.wikidata.org/entity/Q106838103,Djember Rubber Estates,кофе,Великобритания,Лондон,Point(-0.1275 51.507222222),1910
http://www.wikidata.org/entity/Q107151170,Kolls,кофе,Германия,Бённингштедт,Point(9.906388888 53.665833333),1962
http://www.wikidata.org/entity/Q110122154,Q110122154,чай,Малайзия,Пучонг,Point(101.627 3.0019),2019
http://www.wikidata.org/entity/Q110835078,Devolli Corporation,кофе,Косово,Печ,Point(20.3143025 42.655468888),1989
http://www.wikidata.org/entity/Q111729778,Rakkasan Tea Company,чай,США,Даллас,Point(-96.808888888 32.779166666),2017
http://www.wikidata.org/entity/Q112216492,"Landbouw Maatschappij ""Pasir Kananga""",чай,Нидерланды,Амстердам,Point(4.883333333 52.366666666),1897
http://www.wikidata.org/entity/Q113059957,Mel-O-Cream Donuts,кофе,США,Спрингфилд,Point(-89.645 39.7975),1932
http://www.wikidata.org/entity/Q113383595,Q113383595,чай,Франция,Лион,Point(4.835 45.7675),2013
http://www.wikidata.org/entity/Q114828290,machi machi,чай,,,,2018
http://www.wikidata.org/entity/Q116766725,Central American Plantations Corporation,кофе,США,Нью-Йорк,Point(-74.006111111 40.712777777),1921
http://www.wikidata.org/entity/Q118489697,El Chaná,кофе,Уругвай,Palacio El Chaná,Point(-56.171111111 -34.898611111),1899
http://www.wikidata.org/entity/Q120997937,Compose Coffee,кофе,Республика Корея,Пусан,Point(129.075 35.18),2014
http://www.wikidata.org/entity/Q120997937,Compose Coffee,чай,Республика Корея,Пусан,Point(129.075 35.18),2014
http://www.wikidata.org/entity/Q121072061,Barn's,кофе,Саудовская Аравия,,,1992
http://www.wikidata.org/entity/Q122764967,Santos Palace,кофе,Бельгия,Моленбек-Сен-Жан,Point(4.338611111 50.854722222),1911
http://www.wikidata.org/entity/Q126489285,Pickup Coffee,кофе,,,,2022
http://www.wikidata.org/entity/Q131426654,Белкофе,кофе,Беларусь,Ошмяны,Point(25.9375 54.425),1946
http://www.wikidata.org/entity/Q132291927,Fleur de Café,кофе,Нидерланды,Девентер,Point(6.16 52.251111111),2007
http://www.wikidata.org/entity/Q132291927,Fleur de Café,чай,Нидерланды,Девентер,Point(6.16 52.251111111),2007
http://www.wikidata.org/entity/Q135728368,Saquella,кофе,Италия,Пескара,Point(14.214188888 42.464277777),1856
http://www.wikidata.org/entity/Q136735524,Caffé Trieste,кофе,Словакия,Кошице,Point(21.25 48.716666666),2008
http://www.wikidata.org/entity/Q137293468,Dreamers Coffee Roasters,кофе,Китайская Республика (Тайвань),,,2019
http://www.wikidata.org/entity/Q137293570,Miacucina,кофе,Китайская Республика (Тайвань),Китайская Республика (Тайвань),Point(121.0 24.0),2012
http://www.wikidata.org/entity/Q137293809,PRESERVE,кофе,Китайская Республика (Тайвань),Китайская Республика (Тайвань),Point(121.0 24.0),2022
http://www.wikidata.org/entity/Q137610754,Q137610754,кофе,Дания,Фарум,Point(12.358055555 55.808333333),1996
http://www.wikidata.org/entity/Q138411639,Taste of Guardians,кофе,Канада,Ванкувер,Point(-123.113888888 49.260833333),1924
http://www.wikidata.org/entity/Q138411639,Taste of Guardians,кофе,Канада,Мумбаи,Point(72.8775 19.075833333),1924
http://www.wikidata.org/entity/Q138411639,Taste of Guardians,кофе,Индия,Ванкувер,Point(-123.113888888 49.260833333),1924
http://www.wikidata.org/entity/Q138411639,Taste of Guardians,кофе,Индия,Мумбаи,Point(72.8775 19.075833333),1924
http://www.wikidata.org/entity/Q138411639,Taste of Guardians,чай,Канада,Ванкувер,Point(-123.113888888 49.260833333),1924
http://www.wikidata.org/entity/Q138411639,Taste of Guardians,чай,Канада,Мумбаи,Point(72.8775 19.075833333),1924
http://www.wikidata.org/entity/Q138411639,Taste of Guardians,чай,Индия,Ванкувер,Point(-123.113888888 49.260833333),1924
http://www.wikidata.org/entity/Q138411639,Taste of Guardians,чай,Индия,Мумбаи,Point(72.8775 19.075833333),1924
http://www.wikidata.org/entity/Q37158,Starbucks,кофе,США,Сиэтл,Point(-122.336 47.580888888),1971
http://www.wikidata.org/entity/Q6743380,Maliban Biscuit Manufactories Limited,чай,Шри-Ланка,Ratmalana,Point(79.88611111 6.82194444),1954
http://www.wikidata.org/entity/Q6844142,Mighty Leaf Tea,чай,,Сан-Рафел,Point(-122.530833333 37.973333333),2000
http://www.wikidata.org/entity/Q6850057,Miko Coffee,кофе,,Тюрнхаут,Point(4.933333333 51.316666666),1801
http://www.wikidata.org/entity/Q6885821,mmmuffins,кофе,,,,1979
http://www.wikidata.org/entity/Q6932113,Mugg & Bean,кофе,ЮАР,Йоханнесбург,Point(28.041638888 -26.204361111),1996
http://www.wikidata.org/entity/Q6961371,Nambarrie,чай,,Белфаст,Point(-5.93 54.596666666),1860
http://www.wikidata.org/entity/Q7069680,Numi Organic Tea,чай,США,Окленд,Point(-122.25 37.8),1999
http://www.wikidata.org/entity/Q7119454,PJ's Coffee,кофе,США,Новый Орлеан,Point(-90.078333333 29.976111111),1978
http://www.wikidata.org/entity/Q7230543,Port City Java,кофе,США,Уилмингтон,Point(-77.912222222 34.223333333),1995
http://www.wikidata.org/entity/Q7260362,Punjana,чай,,Белфаст,Point(-5.93 54.596666666),1896
http://www.wikidata.org/entity/Q7381313,Russell & Company,чай,США,Гуанчжоу,Point(113.26 23.13),1824
http://www.wikidata.org/entity/Q7381313,Russell & Company,чай,США,Шанхай,Point(121.469166666 31.2325),1824
http://www.wikidata.org/entity/Q7381313,Russell & Company,чай,США,Гонконг,Point(114.158611111 22.278333333),1824
http://www.wikidata.org/entity/Q7392718,SPoT Coffee,кофе,Канада,Торонто,Point(-79.386666666 43.670277777),1996
http://www.wikidata.org/entity/Q7403389,Salada tea,чай,,Монреаль,Point(-73.5868411 45.5033426),1892
http://www.wikidata.org/entity/Q7403389,Salada tea,чай,,Бостон,Point(-71.057777777 42.360277777),1892
http://www.wikidata.org/entity/Q1072166,чайная,чай,,,,
http://www.wikidata.org/entity/Q1704731,Габет,кофе,,,,
http://www.wikidata.org/entity/Q2183106,Zoelen (Commewijne),кофе,Суринам,,,
http://www.wikidata.org/entity/Q2202850,Röstfein,кофе,Германия,Магдебург,Point(11.65916667 52.14916667),
http://www.wikidata.org/entity/Q2363097,кофеобжарочное производство,кофе,,,,
http://www.wikidata.org/entity/Q3058833,кафе,кофе,Бельгия,,,
http://www.wikidata.org/entity/Q4380233,Производство кофе на Филиппинах,кофе,Филиппины,,,
http://www.wikidata.org/entity/Q5001481,Bushell's,чай,Австралия,,,
http://www.wikidata.org/entity/Q5017193,Caffè Ritazza,кофе,Великобритания,,,
http://www.wikidata.org/entity/Q5384123,Equal Exchange Trading,кофе,Великобритания,Эдинбург,Point(-3.189166666 55.953333333),
http://www.wikidata.org/entity/Q5399993,Establecimiento Las Marías,чай,Аргентина,Gobernador Virasoro,Point(-56.033333333 -28.05),
http://www.wikidata.org/entity/Q6435806,Kraft Foods Banbury,кофе,Великобритания,Банбери,Point(-1.339166666 52.061388888),
http://www.wikidata.org/entity/Q7374169,Royal Farms,кофе,США,Балтимор,Point(-76.615 39.286388888),
http://www.wikidata.org/entity/Q12169079,Чайная плантация,чай,,,,
http://www.wikidata.org/entity/Q16998937,La Prima Espresso Company,кофе,,Питтсбург,Point(-80.0 40.441666666),
http://www.wikidata.org/entity/Q17064706,Limuru Tea Company Limited,чай,,Керичо,Point(35.283888888 -0.369166666),
http://www.wikidata.org/entity/Q17110502,Kakuzi Limited,чай,,Найроби,Point(36.817222222 -1.286388888),
http://www.wikidata.org/entity/Q19903001,кофеварение,кофе,,,,
http://www.wikidata.org/entity/Q27431294,Coffee Method,кофе,,,,
http://www.wikidata.org/entity/Q30674569,Paul Bassett,чай,,,,
http://www.wikidata.org/entity/Q48802134,T2,чай,Австралия,,,
http://www.wikidata.org/entity/Q48928861,Q48928861,чай,Китай,Сучжоу,Point(120.619444444 31.3),
http://www.wikidata.org/entity/Q59115692,Hildesheim,кофе,Суринам,,,
http://www.wikidata.org/entity/Q61302348,bootealicious,чай,Канада,Ванкувер,Point(-123.113888888 49.260833333),
http://www.wikidata.org/entity/Q61804826,Wild Bean Cafe,кофе,,,,
http://www.wikidata.org/entity/Q64026737,Hacienda Lealtad,кофе,США,,,
http://www.wikidata.org/entity/Q64026737,Hacienda Lealtad,кофе,Пуэрто-Рико,,,
http://www.wikidata.org/entity/Q83437245,Bambu,кофе,США,Сан-Хосе,Point(-121.872777777 37.304166666),
http://www.wikidata.org/entity/Q83437245,Bambu,чай,США,Сан-Хосе,Point(-121.872777777 37.304166666),
http://www.wikidata.org/entity/Q105274801,Loumidis,кофе,,,,
http://www.wikidata.org/entity/Q105714225,dr.cafe Coffee,кофе,Саудовская Аравия,Эр-Рияд,Point(46.71 24.65),
http://www.wikidata.org/entity/Q107898772,tea company,чай,,,,
http://www.wikidata.org/entity/Q110769361,FLORAPHARM Pflanzliche Naturprodukte GmbH,чай,Германия,,,
http://www.wikidata.org/entity/Q112861795,Tanoak seed,кофе,,,,
http://www.wikidata.org/entity/Q114067073,Xianluoguo,чай,,,,
http://www.wikidata.org/entity/Q115136213,Rwanda Mountain Tea LTD,чай,Руанда,Kinyinya,Point(30.089166666 -1.913055555),
http://www.wikidata.org/entity/Q117841805,"Antique Assam Tea Farm, Sun Moon Lake",чай,Китайская Республика (Тайвань),,,
http://www.wikidata.org/entity/Q123416993,Sea Dyke,чай,Китай,,,
http://www.wikidata.org/entity/Q125292463,Madura Tea Estates,чай,Австралия,Мервилламба,Point(153.383333333 -28.333333333),
http://www.wikidata.org/entity/Q126468015,Kuddly Krab,чай,,,,
http://www.wikidata.org/entity/Q129256375,Fresh Corner,кофе,,,,
http://www.wikidata.org/entity/Q129256375,Fresh Corner,чай,,,,
http://www.wikidata.org/entity/Q130334843,Delikana,кофе,Чехия,Бржецлав,Point(16.882020775 48.758991122),
http://www.wikidata.org/entity/Q130868061,Stop Cafe,кофе,,,,
http://www.wikidata.org/entity/Q131936188,Retrograde Wrexham,кофе,Великобритания,,,
http://www.wikidata.org/entity/Q136734522,La Donuteria,кофе,Словакия,Братислава,Point(17.112777777 48.144722222),
http://www.wikidata.org/entity/Q137533120,Happy Farmer,кофе,,,,
http://www.wikidata.org/entity/Q137888394,Miopane USA,кофе,США,Пасадина,Point(-118.143888888 34.1475),
http://www.wikidata.org/entity/Q137888394,Miopane USA,кофе,США,Калифорния,Point(-120.0 37.0),
